-- phpMyAdmin SQL Dump
-- version 4.5.1
-- http://www.phpmyadmin.net
--
-- Host: 127.0.0.1
-- Generation Time: 24 Des 2025 pada 17.05
-- Versi Server: 10.1.19-MariaDB
-- PHP Version: 7.0.13

SET SQL_MODE = "NO_AUTO_VALUE_ON_ZERO";
SET time_zone = "+00:00";


/*!40101 SET @OLD_CHARACTER_SET_CLIENT=@@CHARACTER_SET_CLIENT */;
/*!40101 SET @OLD_CHARACTER_SET_RESULTS=@@CHARACTER_SET_RESULTS */;
/*!40101 SET @OLD_COLLATION_CONNECTION=@@COLLATION_CONNECTION */;
/*!40101 SET NAMES utf8mb4 */;

--
-- Database: `lana`
--

-- --------------------------------------------------------

--
-- Struktur dari tabel `barang`
--

CREATE TABLE `barang` (
  `id_barang` int(11) NOT NULL,
  `id_satuan` int(11) DEFAULT NULL,
  `kode_barang` varchar(25) NOT NULL,
  `nama_barang` text NOT NULL,
  `harga_barang` varchar(15) NOT NULL,
  `stok_barang` varchar(15) NOT NULL DEFAULT '0',
  `deskripsi` text,
  `hide_barang` int(11) NOT NULL DEFAULT '0'
) ENGINE=InnoDB DEFAULT CHARSET=latin1;

--
-- Dumping data untuk tabel `barang`
--

INSERT INTO `barang` (`id_barang`, `id_satuan`, `kode_barang`, `nama_barang`, `harga_barang`, `stok_barang`, `deskripsi`, `hide_barang`) VALUES
(1, NULL, '1.01.01.99.999.000001', 'Kapur Barus', '0', '0', '-', 0),
(2, NULL, '1.01.01.99.999.000003', 'Gabus', '0', '0', '-', 0),
(3, NULL, '1.01.01.99.999.000004', 'Cottonbuds', '0', '0', '-', 0),
(4, NULL, '1.01.01.99.999.000005', 'Dettol Pembersih Tangan', '0', '0', '-', 0),
(5, NULL, '1.01.01.99.999.000007', 'Masker', '0', '0', '-', 0),
(6, NULL, '1.01.01.99.999.000008', 'Bayclean', '0', '0', '-', 0),
(7, NULL, '1.01.01.99.999.000009', 'Baygon', '0', '0', '-', 0),
(8, NULL, '1.01.03.01.001.000001', 'Ballpoint Pilot Hitam', '0', '0', '-', 0),
(9, NULL, '1.01.03.01.001.000002', 'Ballpoint Balliner', '0', '0', '-', 0),
(10, NULL, '1.01.03.01.001.000003', 'Ballpoint Pilot Merah', '0', '0', '-', 0),
(11, NULL, '1.01.03.01.001.000004', 'Ballpoint Snowman', '0', '0', '-', 0),
(12, NULL, '1.01.03.01.001.000005', 'Ballpoint Faster', '0', '0', '-', 0),
(13, NULL, '1.01.03.01.001.000006', 'Ballpoint Sun Reno', '0', '0', '-', 0),
(14, NULL, '1.01.03.01.001.000007', 'Ballpoint Standard', '0', '0', '-', 0),
(15, NULL, '1.01.03.01.001.000008', 'Spidol Faster', '0', '0', '-', 0),
(16, NULL, '1.01.03.01.001.000009', 'Spidol Pilot', '0', '0', '-', 0),
(17, NULL, '1.01.03.01.001.000010', 'Spidol Balliner', '0', '0', '-', 0),
(18, NULL, '1.01.03.01.001.000011', 'Spidol Snowman', '0', '0', '-', 0),
(19, NULL, '1.01.03.01.001.000012', 'Pensil Staedler', '0', '0', '-', 0),
(20, NULL, '1.01.03.01.001.000013', 'Pensil Faber Castle', '0', '0', '-', 0),
(21, NULL, '1.01.03.01.001.000014', 'Pensil', '0', '0', '-', 0),
(22, NULL, '1.01.03.01.001.000015', 'Spidol Warna', '0', '0', '-', 0),
(23, NULL, '1.01.03.01.001.000016', 'Ballpoint Boxy', '0', '0', '-', 0),
(24, NULL, '1.01.03.01.001.000017', 'Ballpoint V-7', '0', '0', '-', 0),
(25, NULL, '1.01.03.01.001.000018', 'Pensil 2b Staedler', '0', '0', '-', 0),
(26, NULL, '1.01.03.01.001.000019', 'Ballpoint Bpt-p Hitam', '0', '0', '-', 0),
(27, NULL, '1.01.03.01.001.000020', 'Ballpoint Bpt-p Merah', '0', '0', '-', 0),
(28, NULL, '1.01.03.01.001.000021', 'Ballpoint V3', '0', '0', '-', 0),
(29, NULL, '1.01.03.01.001.000022', 'Ballpoint V5', '0', '0', '-', 0),
(30, NULL, '1.01.03.01.001.000023', 'Ballpoint Zebra Picolo', '0', '0', '-', 0),
(31, NULL, '1.01.03.01.001.000024', 'Spidol Permanent', '0', '0', '-', 0),
(32, NULL, '1.01.03.01.001.000025', 'Spidol Kecil', '0', '0', '-', 0),
(33, NULL, '1.01.03.01.001.000026', 'Softboard 60x90 Cm', '0', '0', '-', 0),
(34, NULL, '1.01.03.01.001.000027', 'Ballpoint 4 Warna - Zebra', '0', '0', '-', 0),
(35, NULL, '1.01.03.01.001.000028', 'Ballpoint Bertali', '0', '0', '-', 0),
(36, NULL, '1.01.03.01.001.000029', 'Ballpoint T12c', '0', '0', '-', 0),
(37, NULL, '1.01.03.01.001.000030', 'Whiteboard 90x120', '0', '0', '-', 0),
(38, NULL, '1.01.03.01.001.000031', 'Uniball Boxy Biru', '0', '0', '-', 0),
(39, NULL, '1.01.03.01.001.000032', 'Pen Standart Boldliner Elit', '0', '0', '-', 0),
(40, NULL, '1.01.03.01.001.000033', 'Ballpoint K-1', '0', '0', '-', 0),
(41, NULL, '1.01.03.01.001.000034', 'Ballpoint Kenko Gel', '0', '0', '-', 0),
(42, NULL, '1.01.03.01.001.000035', 'Spidol Board', '0', '0', '-', 0),
(43, NULL, '1.01.03.01.001.000036', 'Pensil 2b', '0', '0', '-', 0),
(44, NULL, '1.01.03.01.001.000037', 'Balpoint', '0', '0', '-', 0),
(45, NULL, '1.01.03.01.001.000038', 'Spidol White Board', '0', '0', '-', 0),
(46, NULL, '1.01.03.01.001.000039', 'Spidol Snowman Marker Black', '0', '0', '-', 0),
(47, NULL, '1.01.03.01.001.000040', 'Pensil 2b', '0', '0', '-', 0),
(48, NULL, '1.01.03.01.001.000041', 'Ballpoint Nevada', '0', '0', '-', 0),
(49, NULL, '1.01.03.01.001.000042', 'Pulpen Uniball Signo', '0', '0', '-', 0),
(50, NULL, '1.01.03.01.001.000044', 'Ballpoint Multi Warna', '0', '0', '-', 0),
(51, NULL, '1.01.03.01.001.000045', 'Binder Klip 107 Kenko', '0', '0', '-', 0),
(52, NULL, '1.01.03.01.001.000046', 'Ballpoint Balliner Black', '0', '0', '-', 0),
(53, NULL, '1.01.03.01.001.000047', 'Ballpoint Boldliner', '0', '0', '-', 0),
(54, NULL, '1.01.03.01.001.000048', 'Pen Zebra Picolo', '0', '0', '-', 0),
(55, NULL, '1.01.03.01.001.000049', 'Pensil 2b Faber', '0', '0', '-', 0),
(56, NULL, '1.01.03.01.001.000050', 'Ballpoint', '0', '0', '-', 0),
(57, NULL, '1.01.03.01.001.000051', 'Pensil 2b Faber Castele', '0', '0', '-', 0),
(58, NULL, '1.01.03.01.001.000052', 'Stabilo', '0', '0', '-', 0),
(59, NULL, '1.01.03.01.001.000053', 'Pulpen Zebra Picollo', '0', '0', '-', 0),
(60, NULL, '1.01.03.01.001.000054', 'Stabilo Swing Cool Biru 275 31', '0', '0', '-', 0),
(61, NULL, '1.01.03.01.001.000055', 'Map Jepit Plastik Intexpolder', '0', '0', '-', 0),
(62, NULL, '1.01.03.01.001.000056', 'Ballpoint Tizo Tg 340', '0', '0', '-', 0),
(63, NULL, '1.01.03.01.001.000057', 'Joyko Gel Pen Gp-212', '0', '0', '-', 0),
(64, NULL, '1.01.03.01.001.000058', 'Pulpen Kenko K-1', '0', '0', '-', 0),
(65, NULL, '1.01.03.01.001.000059', 'Snowman Marker White Board', '0', '0', '-', 0),
(66, NULL, '1.01.03.01.001.000060', 'Pulpen Kenko (buah)', '0', '0', '-', 0),
(67, NULL, '1.01.03.01.001.000061', 'Balliner Pilot', '0', '0', '-', 0),
(68, NULL, '1.01.03.01.001.000062', 'Kenko (alat Tulis)', '0', '0', '-', 0),
(69, NULL, '1.01.03.01.001.000063', 'Pensil 2b Geometric Steadler', '0', '0', '-', 0),
(70, NULL, '1.01.03.01.001.000064', 'Stabilo Pak', '0', '0', '-', 0),
(71, NULL, '1.01.03.01.001.000065', 'Spidol Permanen P77', '0', '0', '-', 0),
(72, NULL, '1.01.03.01.001.000066', 'Ballpoint Fozter', '0', '0', '-', 0),
(73, NULL, '1.01.03.01.001.000067', 'Pulpen V7 (buah)', '0', '0', '-', 0),
(74, NULL, '1.01.03.01.001.000068', 'Spidol Snowman Black', '0', '0', '-', 0),
(75, NULL, '1.01.03.01.001.000069', 'Pulpen Gel In Zhixin 0,5', '0', '0', '-', 0),
(76, NULL, '1.01.03.01.001.000070', 'Pensil Ceklek', '0', '0', '-', 0),
(77, NULL, '1.01.03.01.001.000071', 'Bolpoin Pic Candy (lusin)', '0', '0', '-', 0),
(78, NULL, '1.01.03.01.001.000072', 'Bolpoin Pic Candy (pcs)', '0', '0', '-', 0),
(79, NULL, '1.01.03.01.001.000073', 'Ballpoint Parker', '0', '0', '-', 0),
(80, NULL, '1.01.03.01.001.000074', 'Isi Pensil Ceklek', '0', '0', '-', 0),
(81, NULL, '1.01.03.01.001.000075', 'Pulpen Kokoro', '0', '0', '-', 0),
(82, NULL, '1.01.03.01.001.000076', 'Pulpen Esco Hitam', '0', '0', '-', 0),
(83, NULL, '1.01.03.01.001.000077', 'Pulpen Snowman Gel 0,5', '0', '0', '-', 0),
(84, NULL, '1.01.03.01.001.000078', 'Sticky Note Besar Odner', '0', '0', '-', 0),
(85, NULL, '1.01.03.01.001.000079', 'Pen V5', '0', '0', '-', 0),
(86, NULL, '1.01.03.01.001.000080', 'Pulpen Boxy Uniball', '0', '0', '-', 0),
(87, NULL, '1.01.03.01.001.000081', 'Spidol White Board 10 Warna', '0', '0', '-', 0),
(88, NULL, '1.01.03.01.001.000082', 'Ballpoint Joyko Gel 330', '0', '0', '-', 0),
(89, NULL, '1.01.03.01.001.000083', 'Ballpoint Joyko Gel 265', '0', '0', '-', 0),
(90, NULL, '1.01.03.01.001.000084', 'Stabilo/penanda Warna', '0', '0', '-', 0),
(91, NULL, '1.01.03.01.001.000085', 'Wisdom Pulpen Evercross Gel Ev', '0', '0', '-', 0),
(92, NULL, '1.01.03.01.001.000086', 'Spidol Snowman Jumbo 500 Hitam', '0', '0', '-', 0),
(93, NULL, '1.01.03.01.001.000087', 'Spidol Snowman Jumbo 500 Warna', '0', '0', '-', 0),
(94, NULL, '1.01.03.01.001.000088', 'Ballpoint Snowmant V-7 (buah)', '0', '0', '-', 0),
(95, NULL, '1.01.03.01.001.000089', 'Pen Zebra Sarasa', '0', '0', '-', 0),
(96, NULL, '1.01.03.01.001.000090', 'Pen Standard Ae7 0,5 Hitam', '0', '0', '-', 0),
(97, NULL, '1.01.03.01.001.000091', 'Spidol Snowman 12 Warna Pw-12a (1 Lusin)', '0', '0', '-', 0),
(98, NULL, '1.01.03.01.001.000092', 'Pulpen Trifelo Toshiro Tf-342b 1.0 Mm', '0', '0', '-', 0),
(99, NULL, '1.01.03.01.002.000001', 'Tinta Bak Stempel', '0', '0', '-', 0),
(100, NULL, '1.01.03.01.002.000002', 'Isi Stamp Ink Merah', '0', '0', '-', 0),
(101, NULL, '1.01.03.01.002.000003', 'Isi Stamp Ink Violet', '0', '0', '-', 0),
(102, NULL, '1.01.03.01.002.000004', 'Stamping Ungu', '0', '0', '-', 0),
(103, NULL, '1.01.03.01.002.000005', 'Stamping Hitam', '0', '0', '-', 0),
(104, NULL, '1.01.03.01.002.000006', 'Stamping Merah', '0', '0', '-', 0),
(105, NULL, '1.01.03.01.002.000007', 'Stample Tinta Yamura', '0', '0', '-', 0),
(106, NULL, '1.01.03.01.002.000008', 'Tinta Trodat Ungu', '0', '0', '-', 0),
(107, NULL, '1.01.03.01.002.000009', 'Tinta Stamp Ink', '0', '0', '-', 0),
(108, NULL, '1.01.03.01.002.000010', 'Bak Stempel Besar', '0', '0', '-', 0),
(109, NULL, '1.01.03.01.003.000001', 'Paper Clip', '0', '0', '-', 0),
(110, NULL, '1.01.03.01.003.000002', 'Joyko Binder 107', '0', '0', '-', 0),
(111, NULL, '1.01.03.01.003.000003', 'Joyko Binder 105', '0', '0', '-', 0),
(112, NULL, '1.01.03.01.003.000004', 'Joyko Binder 111', '0', '0', '-', 0),
(113, NULL, '1.01.03.01.003.000005', 'Joyko Binder 200', '0', '0', '-', 0),
(114, NULL, '1.01.03.01.003.000006', 'Joyko Binder 260', '0', '0', '-', 0),
(115, NULL, '1.01.03.01.003.000007', 'Combo Binder 105', '0', '0', '-', 0),
(116, NULL, '1.01.03.01.003.000008', 'Combo Binder 107', '0', '0', '-', 0),
(117, NULL, '1.01.03.01.003.000009', 'Combo Binder 111', '0', '0', '-', 0),
(118, NULL, '1.01.03.01.003.000010', 'Combo Binder 200', '0', '0', '-', 0),
(119, NULL, '1.01.03.01.003.000011', 'Combo Binder 260', '0', '0', '-', 0),
(120, NULL, '1.01.03.01.003.000012', 'Bantex Binder 105', '0', '0', '-', 0),
(121, NULL, '1.01.03.01.003.000013', 'Bantex Binder 107', '0', '0', '-', 0),
(122, NULL, '1.01.03.01.003.000014', 'Bantex Binder 111', '0', '0', '-', 0),
(123, NULL, '1.01.03.01.003.000015', 'Bantex Binder 200', '0', '0', '-', 0),
(124, NULL, '1.01.03.01.003.000016', 'Bantex Binder 260', '0', '0', '-', 0),
(125, NULL, '1.01.03.01.003.000017', 'Binder Clips 260 Joyco', '0', '0', '-', 0),
(126, NULL, '1.01.03.01.003.000018', 'Joyko Binder 150', '0', '0', '-', 0),
(127, NULL, '1.01.03.01.003.000019', 'Binder Clips 200 Joyco', '0', '0', '-', 0),
(128, NULL, '1.01.03.01.003.000020', 'Binder Clips 155 Joyco', '0', '0', '-', 0),
(129, NULL, '1.01.03.01.003.000021', 'Binder Clips 107 Joyco', '0', '0', '-', 0),
(130, NULL, '1.01.03.01.003.000022', 'Binder Clips 105 Joyco', '0', '0', '-', 0),
(131, NULL, '1.01.03.01.003.000023', 'Clip Paper Joyco No 1', '0', '0', '-', 0),
(132, NULL, '1.01.03.01.003.000024', 'Clip Paper Joyco No. 3', '0', '0', '-', 0),
(133, NULL, '1.01.03.01.003.000025', 'Isi Stepler Besar', '0', '0', '-', 0),
(134, NULL, '1.01.03.01.003.000026', 'Stapler Besar', '0', '0', '-', 0),
(135, NULL, '1.01.03.01.003.000027', 'Stapler Hd 10', '0', '0', '-', 0),
(136, NULL, '1.01.03.01.003.000028', 'Isi Staples Max No. 10', '0', '0', '-', 0),
(137, NULL, '1.01.03.01.003.000029', 'Isi Staples Target No. 23 15', '0', '0', '-', 0),
(138, NULL, '1.01.03.01.003.000030', 'Staples Kangoro', '0', '0', '-', 0),
(139, NULL, '1.01.03.01.003.000031', 'Paper Clip Joyco No. 3 Kecil', '0', '0', '-', 0),
(140, NULL, '1.01.03.01.003.000032', 'Isi Staples Kangaro B', '0', '0', '-', 0),
(141, NULL, '1.01.03.01.003.000033', 'Binder Clip', '0', '0', '-', 0),
(142, NULL, '1.01.03.01.003.000035', 'Binder Clip 107', '0', '0', '-', 0),
(143, NULL, '1.01.03.01.003.000036', 'Binder Clip No. 260', '0', '0', '-', 0),
(144, NULL, '1.01.03.01.003.000037', 'Post It Sign Here', '0', '0', '-', 0),
(145, NULL, '1.01.03.01.003.000038', 'Sticke Note Besar', '0', '0', '-', 0),
(146, NULL, '1.01.03.01.003.000039', 'Post It Note Kecil', '0', '0', '-', 0),
(147, NULL, '1.01.03.01.003.000040', 'Post It Note Tanggung', '0', '0', '-', 0),
(148, NULL, '1.01.03.01.003.000041', 'Binder Clip Sedang', '0', '0', '-', 0),
(149, NULL, '1.01.03.01.003.000042', 'Binder Clip Kecil', '0', '0', '-', 0),
(150, NULL, '1.01.03.01.003.000043', 'Binder Clip Besar', '0', '0', '-', 0),
(151, NULL, '1.01.03.01.003.000044', 'Trigonal Clips Warna Warni', '0', '0', '-', 0),
(152, NULL, '1.01.03.01.003.000045', 'Stapler Hd-50 Joyko/kenko', '0', '0', '-', 0),
(153, NULL, '1.01.03.01.003.000046', 'Staples Hd 10 Kenko', '0', '0', '-', 0),
(154, NULL, '1.01.03.01.003.000047', 'Isi Stapless No 10 Great Wall', '0', '0', '-', 0),
(155, NULL, '1.01.03.01.003.000048', 'Paper Clip No. 3', '0', '0', '-', 0),
(156, NULL, '1.01.03.01.003.000049', 'Paper Clip Big No. 5', '0', '0', '-', 0),
(157, NULL, '1.01.03.01.003.000050', 'Isi Staples Kangaro 23/17', '0', '0', '-', 0),
(158, NULL, '1.01.03.01.003.000051', 'Isi Staples Kangaro 23/24', '0', '0', '-', 0),
(159, NULL, '1.01.03.01.003.000052', 'Isi Stapler Kecil', '0', '0', '-', 0),
(160, NULL, '1.01.03.01.003.000053', 'Staples', '0', '0', '-', 0),
(161, NULL, '1.01.03.01.003.000054', 'Paperclip Kotak', '0', '0', '-', 0),
(162, NULL, '1.01.03.01.003.000055', 'Binder Clip Kenko No. 105', '0', '0', '-', 0),
(163, NULL, '1.01.03.01.003.000056', 'Paper Clip No. 1', '0', '0', '-', 0),
(164, NULL, '1.01.03.01.003.000057', 'Binder Clip Kenko No. 107', '0', '0', '-', 0),
(165, NULL, '1.01.03.01.003.000058', 'Binder Clip No. 107 Big', '0', '0', '-', 0),
(166, NULL, '1.01.03.01.003.000059', 'Paper Clip Daito No. 3', '0', '0', '-', 0),
(167, NULL, '1.01.03.01.003.000060', 'Paperclip Warna', '0', '0', '-', 0),
(168, NULL, '1.01.03.01.003.000061', 'Binder Clipno. 111 Merek Kenko', '0', '0', '-', 0),
(169, NULL, '1.01.03.01.003.000062', 'Paper Clip No. 5 Merek Kenko', '0', '0', '-', 0),
(170, NULL, '1.01.03.01.003.000063', 'Binder Clips Kenko 200 (isi 12)', '0', '0', '-', 0),
(171, NULL, '1.01.03.01.003.000064', 'Binder Clips Kenko 111 (isi 12)', '0', '0', '-', 0),
(172, NULL, '1.01.03.01.003.000065', 'Binder Clips Big 105', '0', '0', '-', 0),
(173, NULL, '1.01.03.01.003.000066', 'Binder Clips Daito No. 1', '0', '0', '-', 0),
(174, NULL, '1.01.03.01.003.000067', 'Paper Clip Kenko 3100 Warna (isi 12)', '0', '0', '-', 0),
(175, NULL, '1.01.03.01.004.000001', 'Kenko Tip Ex Cair', '0', '0', '-', 0),
(176, NULL, '1.01.03.01.004.000002', 'Kenko Tip Ex Cair Mini', '0', '0', '-', 0),
(177, NULL, '1.01.03.01.004.000003', 'Joyko Tip Ex Kertas', '0', '0', '-', 0),
(178, NULL, '1.01.03.01.004.000004', 'Joyko Tip Ex Cair', '0', '0', '-', 0),
(179, NULL, '1.01.03.01.004.000005', 'Penghapus 2b Steadler', '0', '0', '-', 0),
(180, NULL, '1.01.03.01.004.000006', 'Penghapus Ballpoint', '0', '0', '-', 0),
(181, NULL, '1.01.03.01.004.000007', 'Corection Kenko', '0', '0', '-', 0),
(182, NULL, '1.01.03.01.004.000008', 'Tipe Ex Kuas', '0', '0', '-', 0),
(183, NULL, '1.01.03.01.004.000009', 'Penghapus', '0', '0', '-', 0),
(184, NULL, '1.01.03.01.004.000010', 'Penghapus F. Castel', '0', '0', '-', 0),
(185, NULL, '1.01.03.01.004.000011', 'Tipe Ex Kenko', '0', '0', '-', 0),
(186, NULL, '1.01.03.01.004.000012', 'Tipe X', '0', '0', '-', 0),
(187, NULL, '1.01.03.01.004.000013', 'Karet Penghapus Faber Castle', '0', '0', '-', 0),
(188, NULL, '1.01.03.01.004.000014', 'Tipe-x Roll Kenko', '0', '0', '-', 0),
(189, NULL, '1.01.03.01.004.000015', 'Gunindo Penghapus Whiteboard', '0', '0', '-', 0),
(190, NULL, '1.01.03.01.005.000001', 'Buku Tulis Sidu 24', '0', '0', '-', 0),
(191, NULL, '1.01.03.01.005.000002', 'Buku Tulis Sidu 36', '0', '0', '-', 0),
(192, NULL, '1.01.03.01.005.000003', 'Buku Tulis Mirage 36', '0', '0', '-', 0),
(193, NULL, '1.01.03.01.005.000004', 'Buku Folio 100 Mirage', '0', '0', '-', 0),
(194, NULL, '1.01.03.01.005.000005', 'Buku Folio 50 Mirage', '0', '0', '-', 0),
(195, NULL, '1.01.03.01.005.000006', 'Buku Hard Cover 60 Gsm', '0', '0', '-', 0),
(196, NULL, '1.01.03.01.005.000007', 'Buku Ekspedisi 100 Mirage', '0', '0', '-', 0),
(197, NULL, '1.01.03.01.005.000008', 'Buku Tulis Sidu 38', '0', '0', '-', 0),
(198, NULL, '1.01.03.01.005.000009', 'Buku Agenda Surat', '0', '0', '-', 0),
(199, NULL, '1.01.03.01.005.000010', 'Buku Folio 200', '0', '0', '-', 0),
(200, NULL, '1.01.03.01.005.000011', 'Buku Kuarto 100', '0', '0', '-', 0),
(201, NULL, '1.01.03.01.005.000012', 'Notes', '0', '0', '-', 0),
(202, NULL, '1.01.03.01.005.000013', 'Buku Big Bos', '0', '0', '-', 0),
(203, NULL, '1.01.03.01.005.000014', 'Notebook', '0', '0', '-', 0),
(204, NULL, '1.01.03.01.005.000015', 'Buku Agenda A5', '0', '0', '-', 0),
(205, NULL, '1.01.03.01.005.000016', 'Buku Nota Uk. 108 X 230 Mm', '0', '0', '-', 0),
(206, NULL, '1.01.03.01.005.000017', 'Buku 1/2 Ekspedisi', '0', '0', '-', 0),
(207, NULL, '1.01.03.01.005.000018', 'Buku Nota Ukuran 108x155 Mm', '0', '0', '-', 0),
(208, NULL, '1.01.03.01.005.000019', 'Buku Kuarto 200', '0', '0', '-', 0),
(209, NULL, '1.01.03.01.005.000020', 'Buku Kuarto Kecil', '0', '0', '-', 0),
(210, NULL, '1.01.03.01.005.000021', 'Buku Kiky A6', '0', '0', '-', 0),
(211, NULL, '1.01.03.01.005.000022', 'Notebook Kulit', '0', '0', '-', 0),
(212, NULL, '1.01.03.01.006.000001', 'Bantex Odner Besar', '0', '0', '-', 0),
(213, NULL, '1.01.03.01.006.000002', 'Bantex Odner Sedang', '0', '0', '-', 0),
(214, NULL, '1.01.03.01.006.000003', 'Bantex Odner Kecil', '0', '0', '-', 0),
(215, NULL, '1.01.03.01.006.000004', 'Map Biasa Bufallow Biola', '0', '0', '-', 0),
(216, NULL, '1.01.03.01.006.000005', 'Map Jepit Kertas', '0', '0', '-', 0),
(217, NULL, '1.01.03.01.006.000006', 'Map Jepit Plastik', '0', '0', '-', 0),
(218, NULL, '1.01.03.01.006.000007', 'Map Seagul', '0', '0', '-', 0),
(219, NULL, '1.01.03.01.006.000008', 'Map Snelhecter', '0', '0', '-', 0),
(220, NULL, '1.01.03.01.006.000009', 'Map Batik', '0', '0', '-', 0),
(221, NULL, '1.01.03.01.006.000010', 'Micro Document File', '0', '0', '-', 0),
(222, NULL, '1.01.03.01.006.000011', 'Map Cetak Prona', '0', '0', '-', 0),
(223, NULL, '1.01.03.01.006.000012', 'Map Cetak Gambar Ukur', '0', '0', '-', 0),
(224, NULL, '1.01.03.01.006.000013', 'Map Cetak Bpn', '0', '0', '-', 0),
(225, NULL, '1.01.03.01.006.000014', 'Map Zipper Kancing', '0', '0', '-', 0),
(226, NULL, '1.01.03.01.006.000015', 'Map Business File Transfaran', '0', '0', '-', 0),
(227, NULL, '1.01.03.01.006.000016', 'Map Pemisahan', '0', '0', '-', 0),
(228, NULL, '1.01.03.01.006.000017', 'Map Pendaftaran', '0', '0', '-', 0),
(229, NULL, '1.01.03.01.006.000018', 'Box File Bantex', '0', '0', '-', 0),
(230, NULL, '1.01.03.01.006.000019', 'Map Buffalow Diamond', '0', '0', '-', 0),
(231, NULL, '1.01.03.01.006.000020', 'Map Buffalow Snelhecter Diamond', '0', '0', '-', 0),
(232, NULL, '1.01.03.01.006.000021', 'Map Kertas', '0', '0', '-', 0),
(233, NULL, '1.01.03.01.006.000022', 'Map Cetak Pengukuran', '0', '0', '-', 0),
(234, NULL, '1.01.03.01.006.000024', 'Map Cetak Ippt', '0', '0', '-', 0),
(235, NULL, '1.01.03.01.006.000025', 'Map Pertimbangan Teknis', '0', '0', '-', 0),
(236, NULL, '1.01.03.01.006.000026', 'Map Pemberian Hak', '0', '0', '-', 0),
(237, NULL, '1.01.03.01.006.000027', 'Map Peralihan Hak', '0', '0', '-', 0),
(238, NULL, '1.01.03.01.006.000028', 'Map Hak Tanggungan', '0', '0', '-', 0),
(239, NULL, '1.01.03.01.006.000029', 'Map Pengecekan', '0', '0', '-', 0),
(240, NULL, '1.01.03.01.006.000030', 'Blanko', '0', '0', '-', 0),
(241, NULL, '1.01.03.01.006.000031', 'Map Buffalow Snelhekter Biola', '0', '0', '-', 0),
(242, NULL, '1.01.03.01.006.000032', 'Amplop Cetak B', '0', '0', '-', 0),
(243, NULL, '1.01.03.01.006.000033', 'Amplop Cetak C', '0', '0', '-', 0),
(244, NULL, '1.01.03.01.006.000034', 'Amplop Cetak D', '0', '0', '-', 0),
(245, NULL, '1.01.03.01.006.000035', 'Map Plastik', '0', '0', '-', 0),
(246, NULL, '1.01.03.01.006.000036', 'Album Buku Tanah', '0', '0', '-', 0),
(247, NULL, '1.01.03.01.006.000037', 'Map Lubang Plastik', '0', '0', '-', 0),
(248, NULL, '1.01.03.01.006.000038', 'Rak Dokumen', '0', '0', '-', 0),
(249, NULL, '1.01.03.01.006.000039', 'Map Lapang', '0', '0', '-', 0),
(250, NULL, '1.01.03.01.006.000040', 'Map Besar', '0', '0', '-', 0),
(251, NULL, '1.01.03.01.006.000041', 'Stopmap', '0', '0', '-', 0),
(252, NULL, '1.01.03.01.006.000042', 'Blanko Ptsl', '0', '0', '-', 0),
(253, NULL, '1.01.03.01.006.000043', 'Map V-tro', '0', '0', '-', 0),
(254, NULL, '1.01.03.01.006.000044', 'Map Business File Transparan', '0', '0', '-', 0),
(255, NULL, '1.01.03.01.006.000045', 'Map Plastik Pak', '0', '0', '-', 0),
(256, NULL, '1.01.03.01.006.000046', 'Ordner Forte', '0', '0', '-', 0),
(257, NULL, '1.01.03.01.006.000047', 'Tas Topla', '0', '0', '-', 0),
(258, NULL, '1.01.03.01.006.000048', 'Spring File', '0', '0', '-', 0),
(259, NULL, '1.01.03.01.006.000049', 'Map Ptsl', '0', '0', '-', 0),
(260, NULL, '1.01.03.01.006.000050', 'Stop Map Folio Diamond', '0', '0', '-', 0),
(261, NULL, '1.01.03.01.006.000051', 'Odner Bantex 1465', '0', '0', '-', 0),
(262, NULL, '1.01.03.01.006.000053', 'Odner Bantex 1311', '0', '0', '-', 0),
(263, NULL, '1.01.03.01.006.000054', 'Stop Map Folio', '0', '0', '-', 0),
(264, NULL, '1.01.03.01.006.000055', 'Snelhecter Plastik', '0', '0', '-', 0),
(265, NULL, '1.01.03.01.006.000056', 'Box File Karton Besar', '0', '0', '-', 0),
(266, NULL, '1.01.03.01.006.000057', 'Sticky Note', '0', '0', '-', 0),
(267, NULL, '1.01.03.01.006.000058', 'Stop Map Biola', '0', '0', '-', 0),
(268, NULL, '1.01.03.01.006.000059', 'Map Topla', '0', '0', '-', 0),
(269, NULL, '1.01.03.01.006.000060', 'Ordner Bantex 1465', '0', '0', '-', 0),
(270, NULL, '1.01.03.01.006.000061', 'Amplop Cokelat Samson B', '0', '0', '-', 0),
(271, NULL, '1.01.03.01.006.000062', 'Amplop Cokelat Samson C', '0', '0', '-', 0),
(272, NULL, '1.01.03.01.006.000063', 'Amplop Cokelat Samson D', '0', '0', '-', 0),
(273, NULL, '1.01.03.01.006.000064', 'Amplop Cokelat Samson E', '0', '0', '-', 0),
(274, NULL, '1.01.03.01.006.000065', 'Peta Uk. A0', '0', '0', '-', 0),
(275, NULL, '1.01.03.01.006.000066', 'Stopmap Biola', '0', '0', '-', 0),
(276, NULL, '1.01.03.01.006.000067', 'Stopmap Biola Snell', '0', '0', '-', 0),
(277, NULL, '1.01.03.01.006.000068', 'Map Dokumen', '0', '0', '-', 0),
(278, NULL, '1.01.03.01.006.000069', 'Stopmap Folio Diamond', '0', '0', '-', 0),
(279, NULL, '1.01.03.01.006.000070', 'Bantex', '0', '0', '-', 0),
(280, NULL, '1.01.03.01.006.000071', 'Map Document File', '0', '0', '-', 0),
(281, NULL, '1.01.03.01.006.000072', 'Sticky Note', '0', '0', '-', 0),
(282, NULL, '1.01.03.01.006.000073', 'Odner Edition', '0', '0', '-', 0),
(283, NULL, '1.01.03.01.006.000074', 'Map Lubang / Spring File Inter X', '0', '0', '-', 0),
(284, NULL, '1.01.03.01.006.000075', 'Map Permohonan', '0', '0', '-', 0),
(285, NULL, '1.01.03.01.006.000076', 'Map L', '0', '0', '-', 0),
(286, NULL, '1.01.03.01.006.000077', 'Map Plastik Kancing', '0', '0', '-', 0),
(287, NULL, '1.01.03.01.006.000078', 'Brief Map', '0', '0', '-', 0),
(288, NULL, '1.01.03.01.006.000079', 'Stop Map', '0', '0', '-', 0),
(289, NULL, '1.01.03.01.006.000080', 'Map Snelhekter', '0', '0', '-', 0),
(290, NULL, '1.01.03.01.006.000081', 'Map L Transparan', '0', '0', '-', 0),
(291, NULL, '1.01.03.01.006.000082', 'Map L (pak)', '0', '0', '-', 0),
(292, NULL, '1.01.03.01.006.000083', 'Sticky Note Pembatas Halaman (lusin)', '0', '0', '-', 0),
(293, NULL, '1.01.03.01.006.000084', 'Map Diamond (pak)', '0', '0', '-', 0),
(294, NULL, '1.01.03.01.006.000085', 'Map Plastik Tali', '0', '0', '-', 0),
(295, NULL, '1.01.03.01.006.000086', 'Stapler Hd-50 Joyco/kenko', '0', '0', '-', 0),
(296, NULL, '1.01.03.01.006.000087', 'Map L Transparan Lusin', '0', '0', '-', 0),
(297, NULL, '1.01.03.01.006.000088', 'Parfum Ruangan Refill', '0', '0', '-', 0),
(298, NULL, '1.01.03.01.006.000089', 'Map Kancing Merk Favo', '0', '0', '-', 0),
(299, NULL, '1.01.03.01.006.000090', 'Stopmap J-plus Kuning', '0', '0', '-', 0),
(300, NULL, '1.01.03.01.006.000091', 'Pp Pocked', '0', '0', '-', 0),
(301, NULL, '1.01.03.01.006.000092', 'Box File Jadi Plastik', '0', '0', '-', 0),
(302, NULL, '1.01.03.01.006.000093', 'Map Plastik Resleting / Zipper File', '0', '0', '-', 0),
(303, NULL, '1.01.03.01.006.000094', 'Cetak Map Hitam Putih', '0', '0', '-', 0),
(304, NULL, '1.01.03.01.006.000095', 'Cetak Blanko Kertas Hvs F4 2 Sisi', '0', '0', '-', 0),
(305, NULL, '1.01.03.01.006.000096', 'Map Topla Brief Bag Kancing', '0', '0', '-', 0),
(306, NULL, '1.01.03.01.006.000097', 'Box Plastik Besar', '0', '0', '-', 0),
(307, NULL, '1.01.03.01.006.000098', 'Map Skpt', '0', '0', '-', 0),
(308, NULL, '1.01.03.01.006.000099', 'Map Plastik Jepit/clip File', '0', '0', '-', 0),
(309, NULL, '1.01.03.01.006.000100', 'Ordner Bambi Black', '0', '0', '-', 0),
(310, NULL, '1.01.03.01.006.000101', 'Stopmap Buffalo Merek Biola', '0', '0', '-', 0),
(311, NULL, '1.01.03.01.006.000102', 'Plastik Ordner F4 Isi 100 Sheet', '0', '0', '-', 0),
(312, NULL, '1.01.03.01.006.000103', 'Tas Map Plastik Kancing', '0', '0', '-', 0),
(313, NULL, '1.01.03.01.006.000104', 'Box File Pcv F4 Bantex 4011-01', '0', '0', '-', 0),
(314, NULL, '1.01.03.01.007.000001', 'Penggaris Plastik', '0', '0', '-', 0),
(315, NULL, '1.01.03.01.007.000002', 'Penggaris Besi 30 Cm', '0', '0', '-', 0),
(316, NULL, '1.01.03.01.007.000003', 'Busur', '0', '0', '-', 0),
(317, NULL, '1.01.03.01.007.000004', 'Penggaris Plastik 30 Cm', '0', '0', '-', 0),
(318, NULL, '1.01.03.01.007.000005', 'Penggaris 30cm', '0', '0', '-', 0),
(319, NULL, '1.01.03.01.007.000006', 'Penggaris Kayu', '0', '0', '-', 0),
(320, NULL, '1.01.03.01.008.000001', 'Cutter', '0', '0', '-', 0),
(321, NULL, '1.01.03.01.008.000002', 'Isi Cutter', '0', '0', '-', 0),
(322, NULL, '1.01.03.01.008.000003', 'Cutter L500', '0', '0', '-', 0),
(323, NULL, '1.01.03.01.008.000004', 'Cutter A 300', '0', '0', '-', 0),
(324, NULL, '1.01.03.01.008.000005', 'One Scisoor Gunting', '0', '0', '-', 0),
(325, NULL, '1.01.03.01.008.000006', 'Isi Cutter Kenko L-500 Besar', '0', '0', '-', 0),
(326, NULL, '1.01.03.01.008.000007', 'Cutter', '0', '0', '-', 0),
(327, NULL, '1.01.03.01.009.000001', 'Pita Mesin Tik', '0', '0', '-', 0),
(328, NULL, '1.01.03.01.009.000002', 'Penghapus Mesin Tik', '0', '0', '-', 0),
(329, NULL, '1.01.03.01.010.000001', 'Lem Glukol', '0', '0', '-', 0),
(330, NULL, '1.01.03.01.010.000002', 'Lem Pavinol', '0', '0', '-', 0),
(331, NULL, '1.01.03.01.010.000003', 'Lem Alteco', '0', '0', '-', 0),
(332, NULL, '1.01.03.01.010.000004', 'Isolasi Kecil', '0', '0', '-', 0),
(333, NULL, '1.01.03.01.010.000005', 'Isolasi Sedang', '0', '0', '-', 0),
(334, NULL, '1.01.03.01.010.000006', 'Isolasi Besar', '0', '0', '-', 0),
(335, NULL, '1.01.03.01.010.000007', 'Lakban Hitam Sedang', '0', '0', '-', 0),
(336, NULL, '1.01.03.01.010.000008', 'Lakban Hitam Besar', '0', '0', '-', 0),
(337, NULL, '1.01.03.01.010.000009', 'Lakban Bening Sedang', '0', '0', '-', 0),
(338, NULL, '1.01.03.01.010.000010', 'Lakban Bening Besar', '0', '0', '-', 0),
(339, NULL, '1.01.03.01.010.000011', 'Lakban Bening Tipis Besar', '0', '0', '-', 0),
(340, NULL, '1.01.03.01.010.000012', 'Isolasi Bolak Balik (double Tape)', '0', '0', '-', 0),
(341, NULL, '1.01.03.01.010.000013', 'Paku Pines', '0', '0', '-', 0),
(342, NULL, '1.01.03.01.010.000014', 'Lem Stick Besar Bantex', '0', '0', '-', 0),
(343, NULL, '1.01.03.01.010.000015', 'Lakban Coklat', '0', '0', '-', 0),
(344, NULL, '1.01.03.01.010.000016', 'Double Tape 1''', '0', '0', '-', 0),
(345, NULL, '1.01.03.01.010.000017', 'Double Tape 2''', '0', '0', '-', 0),
(346, NULL, '1.01.03.01.010.000018', 'Lem Kecil', '0', '0', '-', 0),
(347, NULL, '1.01.03.01.010.000019', 'Lem Stick Kecil Bantex', '0', '0', '-', 0),
(348, NULL, '1.01.03.01.010.000020', 'Lakban Kertas Nachi', '0', '0', '-', 0),
(349, NULL, '1.01.03.01.010.000021', 'Lem Stick', '0', '0', '-', 0),
(350, NULL, '1.01.03.01.010.000022', 'Sticky Note Sedang', '0', '0', '-', 0),
(351, NULL, '1.01.03.01.010.000023', 'Sticky Notes Basic', '0', '0', '-', 0),
(352, NULL, '1.01.03.01.010.000024', 'Lakban Hitam', '0', '0', '-', 0),
(353, NULL, '1.01.03.01.010.000025', 'Lakban Bening 12mm', '0', '0', '-', 0),
(354, NULL, '1.01.03.01.010.000026', 'Lem Stick Besar', '0', '0', '-', 0),
(355, NULL, '1.01.03.01.010.000027', 'Lem Stick Kecil', '0', '0', '-', 0),
(356, NULL, '1.01.03.01.010.000028', 'Staples Kecil', '0', '0', '-', 0),
(357, NULL, '1.01.03.01.010.000029', 'Lem Povinal', '0', '0', '-', 0),
(358, NULL, '1.01.03.01.010.000030', 'Isolasi Kecil', '0', '0', '-', 0),
(359, NULL, '1.01.03.01.010.000031', 'Lem Kertas', '0', '0', '-', 0),
(360, NULL, '1.01.03.01.010.000032', 'Double Tape 12"', '0', '0', '-', 0),
(361, NULL, '1.01.03.01.010.000033', 'Lem Stick Kenko 25gr', '0', '0', '-', 0),
(362, NULL, '1.01.03.01.010.000034', 'Double Tape Foam Nachi 12mm', '0', '0', '-', 0),
(363, NULL, '1.01.03.01.010.000035', 'Lem Stick Kenko 15gr', '0', '0', '-', 0),
(364, NULL, '1.01.03.01.010.000036', 'Isolasi Bening Nachi 12mm', '0', '0', '-', 0),
(365, NULL, '1.01.03.01.010.000037', 'Isolasi Bening Nachi 24mm', '0', '0', '-', 0),
(366, NULL, '1.01.03.01.010.000038', 'Lem Stick Kenko 8gr', '0', '0', '-', 0),
(367, NULL, '1.01.03.01.010.000039', 'Lakban Kenko 48mm', '0', '0', '-', 0),
(368, NULL, '1.01.03.01.011.000001', 'Stapler Hd-10 Max', '0', '0', '-', 0),
(369, NULL, '1.01.03.01.011.000002', 'Stapler Hd-50 Max', '0', '0', '-', 0),
(370, NULL, '1.01.03.01.012.000001', 'Staples', '0', '0', '-', 0),
(371, NULL, '1.01.03.01.012.000002', 'Stapler Kenko Hd-10', '0', '0', '-', 0),
(372, NULL, '1.01.03.01.013.000001', 'Isi Staples Kangaro B', '0', '0', '-', 0),
(373, NULL, '1.01.03.01.013.000002', 'Isi Staples No. 10 Greatwall', '0', '0', '-', 0),
(374, NULL, '1.01.03.01.013.000003', 'Isi Staples No. 3 Greatwall', '0', '0', '-', 0),
(375, NULL, '1.01.03.01.013.000004', 'Stapler Hd-50 Joyco/kenko', '0', '0', '-', 0),
(376, NULL, '1.01.03.01.013.000005', 'Isi Stapler Hd-10', '0', '0', '-', 0),
(377, NULL, '1.01.03.01.013.000006', 'Isi Staples Kecil', '0', '0', '-', 0),
(378, NULL, '1.01.03.01.013.000007', 'Isi Staples (besar) Hd-50', '0', '0', '-', 0),
(379, NULL, '1.01.03.01.013.000008', 'Isi Staples No. 10 Merek Kangaro', '0', '0', '-', 0),
(380, NULL, '1.01.03.01.014.000001', 'Sertifikat Hat', '0', '0', '-', 0),
(381, NULL, '1.01.03.01.014.000002', 'Sertifikat Hak Tanggungan', '0', '0', '-', 0),
(382, NULL, '1.01.03.01.014.000003', 'Wakaf', '0', '0', '-', 0),
(383, NULL, '1.01.03.01.014.000004', 'Sambungan Blanko Sertifikat Hak Atas Tanah', '0', '0', '-', 0),
(384, NULL, '1.01.03.01.014.000005', 'Brosur', '0', '0', '-', 0),
(385, NULL, '1.01.03.01.014.000006', 'Brosur Kantor', '0', '0', '-', 0),
(386, NULL, '1.01.03.01.014.000007', 'Leaflet Kantor', '0', '0', '-', 0),
(387, NULL, '1.01.03.01.014.000008', 'Spanduk Penyuluhan', '0', '0', '-', 0),
(388, NULL, '1.01.03.01.014.000009', 'Spanduk', '0', '0', '-', 0),
(389, NULL, '1.01.03.01.014.000010', 'Sertipikat Elektronik', '0', '0', '-', 0),
(390, NULL, '1.01.03.01.999.000001', 'Spidol Permanen Khusus', '0', '0', '-', 0),
(391, NULL, '1.01.03.01.999.000002', 'Stabillo Boss', '0', '0', '-', 0),
(392, NULL, '1.01.03.01.999.000003', 'Staples Biasa', '0', '0', '-', 0),
(393, NULL, '1.01.03.01.999.000004', 'Isi Staples No. 3 Max', '0', '0', '-', 0),
(394, NULL, '1.01.03.01.999.000005', 'Bak Stempel Besar No 2', '0', '0', '-', 0),
(395, NULL, '1.01.03.01.999.000006', 'Buku Formulir Surat Setor Pajak', '0', '0', '-', 0),
(396, NULL, '1.01.03.01.999.000007', 'Peraut Pensil', '0', '0', '-', 0),
(397, NULL, '1.01.03.01.999.000008', 'Gunting', '0', '0', '-', 0),
(398, NULL, '1.01.03.01.999.000009', 'Isi Pensil Mekanik', '0', '0', '-', 0),
(399, NULL, '1.01.03.01.999.000010', 'Post-it 654', '0', '0', '-', 0),
(400, NULL, '1.01.03.01.999.000011', 'Isi Stapler', '0', '0', '-', 0),
(401, NULL, '1.01.03.01.999.000012', 'Tempat Pulpen', '0', '0', '-', 0),
(402, NULL, '1.01.03.01.999.000013', 'Stabillo 2 Warna', '0', '0', '-', 0),
(403, NULL, '1.01.03.01.999.000014', 'Post-it 653', '0', '0', '-', 0),
(404, NULL, '1.01.03.01.999.000015', 'Isi Staples No.10 Max', '0', '0', '-', 0),
(405, NULL, '1.01.03.01.999.000016', 'Pelubang', '0', '0', '-', 0),
(406, NULL, '1.01.03.01.999.000017', 'Isi Staples B', '0', '0', '-', 0),
(407, NULL, '1.01.03.01.999.000018', 'Isi Staples L', '0', '0', '-', 0),
(408, NULL, '1.01.03.01.999.000019', 'Gunting B', '0', '0', '-', 0),
(409, NULL, '1.01.03.01.999.000020', 'Isi Staples B Etona', '0', '0', '-', 0),
(410, NULL, '1.01.03.01.999.000021', 'Kalkulator', '0', '0', '-', 0),
(411, NULL, '1.01.03.01.999.000022', 'Stam Pad', '0', '0', '-', 0),
(412, NULL, '1.01.03.01.999.000023', 'Stapler Hd-10 Max', '0', '0', '-', 0),
(413, NULL, '1.01.03.01.999.000024', 'Isi Staples Etona No 3', '0', '0', '-', 0),
(414, NULL, '1.01.03.01.999.000025', 'Isi Staples Etona No 10', '0', '0', '-', 0),
(415, NULL, '1.01.03.01.999.000026', 'Stand Pen Kenko', '0', '0', '-', 0),
(416, NULL, '1.01.03.01.999.000027', 'Stereofoam', '0', '0', '-', 0),
(417, NULL, '1.01.03.01.999.000028', 'Post-it 657', '0', '0', '-', 0),
(418, NULL, '1.01.03.01.999.000029', 'Stapler Hd-50 Joyco Kenko', '0', '0', '-', 0),
(419, NULL, '1.01.03.01.999.000030', 'Spidol G-12 Snowman Black Blue Red', '0', '0', '-', 0),
(420, NULL, '1.01.03.01.999.000031', 'Spidol W B Snowman Black Blue Red', '0', '0', '-', 0),
(421, NULL, '1.01.03.01.999.000032', 'Tinta Stempel Yamura Volet Blue', '0', '0', '-', 0),
(422, NULL, '1.01.03.01.999.000033', 'Buku 1 2 Ekspedisi', '0', '0', '-', 0),
(423, NULL, '1.01.03.01.999.000034', 'Post-it Basic', '0', '0', '-', 0),
(424, NULL, '1.01.03.01.999.000035', 'Post It Strip', '0', '0', '-', 0),
(425, NULL, '1.01.03.01.999.000036', 'Name Plate Besar', '0', '0', '-', 0),
(426, NULL, '1.01.03.01.999.000037', 'Name Plate Kecil', '0', '0', '-', 0),
(427, NULL, '1.01.03.01.999.000038', 'Pulpen Tempel', '0', '0', '-', 0),
(428, NULL, '1.01.03.01.999.000039', 'Paku Antrian', '0', '0', '-', 0),
(429, NULL, '1.01.03.01.999.000040', 'Stabillo Boss', '0', '0', '-', 0),
(430, NULL, '1.01.03.01.999.000041', 'Post-it 655', '0', '0', '-', 0),
(431, NULL, '1.01.03.01.999.000042', 'Post-it 656', '0', '0', '-', 0),
(432, NULL, '1.01.03.01.999.000043', 'Rautan Pensil Berputar', '0', '0', '-', 0),
(433, NULL, '1.01.03.01.999.000044', 'Stapler Hd-50 Max', '0', '0', '-', 0),
(434, NULL, '1.01.03.01.999.000045', 'Tempat Isolasi', '0', '0', '-', 0),
(435, NULL, '1.01.03.01.999.000046', 'Date Stamp', '0', '0', '-', 0),
(436, NULL, '1.01.03.01.999.000047', 'Pelubang Xl 40', '0', '0', '-', 0),
(437, NULL, '1.01.03.01.999.000048', 'Pelubang Xl 85', '0', '0', '-', 0),
(438, NULL, '1.01.03.01.999.000049', 'Pemotong Kertas', '0', '0', '-', 0),
(439, NULL, '1.01.03.01.999.000050', 'Remover Stapler', '0', '0', '-', 0),
(440, NULL, '1.01.03.01.999.000051', 'Stapler Jilid Hd12 N 24', '0', '0', '-', 0),
(441, NULL, '1.01.03.01.999.000052', 'Isi Staples Max 23 10', '0', '0', '-', 0),
(442, NULL, '1.01.03.01.999.000053', 'Push Pin', '0', '0', '-', 0),
(443, NULL, '1.01.03.01.999.000054', 'Acrylic A4', '0', '0', '-', 0),
(444, NULL, '1.01.03.01.999.000055', 'Penahan Buku (book End)', '0', '0', '-', 0),
(445, NULL, '1.01.03.01.999.000056', 'Pena Su Parker Regular', '0', '0', '-', 0),
(446, NULL, '1.01.03.01.999.000057', 'Post It Sign Here', '0', '0', '-', 0),
(447, NULL, '1.01.03.01.999.000058', 'Clip Board', '0', '0', '-', 0),
(448, NULL, '1.01.03.01.999.000059', 'Staples Hd-50 Kenko', '0', '0', '-', 0),
(449, NULL, '1.01.03.01.999.000060', 'Kotak Pensil', '0', '0', '-', 0),
(450, NULL, '1.01.03.01.999.000061', 'Isi Staples Max', '0', '0', '-', 0),
(451, NULL, '1.01.03.01.999.000062', 'Flexi Notes 75x75', '0', '0', '-', 0),
(452, NULL, '1.01.03.01.999.000063', 'Flexi Notes Joyko', '0', '0', '-', 0),
(453, NULL, '1.01.03.01.999.000064', 'Flexi Notes Kenko', '0', '0', '-', 0),
(454, NULL, '1.01.03.01.999.000065', 'Buku Okey 100', '0', '0', '-', 0),
(455, NULL, '1.01.03.01.999.000066', 'Buku Kiky 100', '0', '0', '-', 0),
(456, NULL, '1.01.03.01.999.000067', 'Buku Paperline 100', '0', '0', '-', 0),
(457, NULL, '1.01.03.01.999.000068', 'Flexi Notes Joyko B', '0', '0', '-', 0),
(458, NULL, '1.01.03.01.999.000069', 'Desk Set Kenko', '0', '0', '-', 0),
(459, NULL, '1.01.03.01.999.000070', 'Stick Note Basic Big', '0', '0', '-', 0),
(460, NULL, '1.01.03.01.999.000071', 'Stick Note V-tro', '0', '0', '-', 0),
(461, NULL, '1.01.03.01.999.000072', 'Stapler Tembak', '0', '0', '-', 0),
(462, NULL, '1.01.03.01.999.000073', 'Post-it Besar', '0', '0', '-', 0),
(463, NULL, '1.01.03.01.999.000074', 'Post-it Kecil', '0', '0', '-', 0),
(464, NULL, '1.01.03.01.999.000081', 'Post It 654 3m', '0', '0', '-', 0),
(465, NULL, '1.01.03.01.999.000082', 'Joyko Index & Mark', '0', '0', '-', 0),
(466, NULL, '1.01.03.01.999.000084', 'Plastik Odner', '0', '0', '-', 0),
(467, NULL, '1.01.03.01.999.000085', 'Stik On Printed Arrow Flag Basic', '0', '0', '-', 0),
(468, NULL, '1.01.03.01.999.000086', 'Sticky Notes 76x101 Mm', '0', '0', '-', 0),
(469, NULL, '1.01.03.01.999.000087', 'Sticky Notes 76x76 Mm', '0', '0', '-', 0),
(470, NULL, '1.01.03.01.999.000088', 'Sticky Notes Panah', '0', '0', '-', 0),
(471, NULL, '1.01.03.01.999.000089', 'Post Binder 10 Cm', '0', '0', '-', 0),
(472, NULL, '1.01.03.01.999.000090', 'Index & Mark', '0', '0', '-', 0),
(473, NULL, '1.01.03.01.999.000091', 'Sign Here', '0', '0', '-', 0),
(474, NULL, '1.01.03.01.999.000092', 'Mouse Wireless', '0', '0', '-', 0),
(475, NULL, '1.01.03.01.999.000093', 'Ballpoint Boxy Mintsubishi 001', '0', '0', '-', 0),
(476, NULL, '1.01.03.01.999.000094', 'Ballpoint Balliner Hitam', '0', '0', '-', 0),
(477, NULL, '1.01.03.01.999.000095', 'Ballpoint Balliner Biru', '0', '0', '-', 0),
(478, NULL, '1.01.03.01.999.000096', 'Cover Plastik Folio Bening', '0', '0', '-', 0),
(479, NULL, '1.01.03.01.999.000097', 'Sticky Notes Sign In', '0', '0', '-', 0),
(480, NULL, '1.01.03.01.999.000098', 'Sticky Note Memo', '0', '0', '-', 0),
(481, NULL, '1.01.03.01.999.000099', 'Post-it Sedang', '0', '0', '-', 0),
(482, NULL, '1.01.03.01.999.000100', 'Kertas Kalkir A4', '0', '0', '-', 0),
(483, NULL, '1.01.03.01.999.000101', 'Gunting Lusin', '0', '0', '-', 0),
(484, NULL, '1.01.03.01.999.000102', 'Benang Kasur', '0', '0', '-', 0),
(485, NULL, '1.01.03.01.999.000103', 'Carl Pencil Sharpener', '0', '0', '-', 0),
(486, NULL, '1.01.03.01.999.000104', 'Post It Besar', '0', '0', '-', 0),
(487, NULL, '1.01.03.01.999.000105', 'Tas Map Dokumen', '0', '0', '-', 0),
(488, NULL, '1.01.03.01.999.000106', 'Binder Clip Uk. 25', '0', '0', '-', 0),
(489, NULL, '1.01.03.01.999.000107', 'Binder Clip Sedang', '0', '0', '-', 0),
(490, NULL, '1.01.03.01.999.000108', 'Sticky Note Besar', '0', '0', '-', 0),
(491, NULL, '1.01.03.01.999.000109', 'Post It Besar', '0', '0', '-', 0),
(492, NULL, '1.01.03.01.999.000110', 'Clear Sheet Protectors F4', '0', '0', '-', 0),
(493, NULL, '1.01.03.01.999.000111', 'Binder Clip No. 107', '0', '0', '-', 0),
(494, NULL, '1.01.03.01.999.000112', 'Binder Clip No. 155', '0', '0', '-', 0),
(495, NULL, '1.01.03.01.999.000113', 'Cutter Kenko L-500 Besar', '0', '0', '-', 0),
(496, NULL, '1.01.03.01.999.000114', 'Isi Cutter Kenko L-500', '0', '0', '-', 0),
(497, NULL, '1.01.03.01.999.000115', 'Paper Clip Pakai Tempat', '0', '0', '-', 0),
(498, NULL, '1.01.03.01.999.000116', 'Paperclip', '0', '0', '-', 0),
(499, NULL, '1.01.03.01.999.000117', 'Sticky Note Kecil Belah 5', '0', '0', '-', 0),
(500, NULL, '1.01.03.01.999.000118', 'Sticky Note Ttd / Flag', '0', '0', '-', 0),
(501, NULL, '1.01.03.01.999.000119', 'Isi Cutter Kenko A-100/a-300', '0', '0', '-', 0),
(502, NULL, '1.01.03.01.999.000120', 'Binder Clip Kenko No.105', '0', '0', '-', 0),
(503, NULL, '1.01.03.01.999.000121', 'Gunting Dr-7 Ideal', '0', '0', '-', 0),
(504, NULL, '1.01.03.01.999.000122', 'Isi Cutter Kenko L-150/l-500', '0', '0', '-', 0),
(505, NULL, '1.01.03.01.999.000123', 'Isi Stapler Hd - 10', '0', '0', '-', 0),
(506, NULL, '1.01.03.01.999.000124', 'Gunting Dr-6 Ideal', '0', '0', '-', 0),
(507, NULL, '1.01.03.01.999.000125', 'Stabilo / Penanda Warna', '0', '0', '-', 0),
(508, NULL, '1.01.03.01.999.000126', 'Rak Kertas Dokumen 3 Susun', '0', '0', '-', 0),
(509, NULL, '1.01.03.01.999.000127', 'Tempat Pensil Desk Organizer', '0', '0', '-', 0),
(510, NULL, '1.01.03.01.999.000128', 'Tempat Paper Clip Magnet', '0', '0', '-', 0),
(511, NULL, '1.01.03.01.999.000129', 'Papan Tulis B', '0', '0', '-', 0),
(512, NULL, '1.01.03.01.999.000130', 'Gunting Dr-9 Ideal', '0', '0', '-', 0),
(513, NULL, '1.01.03.01.999.000131', 'Mika Bening / Film Ukuran A4', '0', '0', '-', 0),
(514, NULL, '1.01.03.01.999.000132', 'Cutter Kenko Kecil', '0', '0', '-', 0),
(515, NULL, '1.01.03.01.999.000133', 'Gunting Ideal Dr 5', '0', '0', '-', 0),
(516, NULL, '1.01.03.01.999.000134', 'Tipe X Kenko 107', '0', '0', '-', 0),
(517, NULL, '1.01.03.01.999.000135', 'Isi Stapler Great Wall No. 10', '0', '0', '-', 0),
(518, NULL, '1.01.03.01.999.000136', 'Paperclip Warna (buah)', '0', '0', '-', 0),
(519, NULL, '1.01.03.01.999.000137', 'Stapler Kenko Hd - 10', '0', '0', '-', 0),
(520, NULL, '1.01.03.01.999.000138', 'Paper Clip No. 01', '0', '0', '-', 0),
(521, NULL, '1.01.03.02.001.000001', 'Kertas Mirage A3', '0', '0', '-', 0),
(522, NULL, '1.01.03.02.001.000002', 'Kertas F4 70 Gr', '0', '0', '-', 0),
(523, NULL, '1.01.03.02.001.000003', 'Kertas A4 70 Gr', '0', '0', '-', 0),
(524, NULL, '1.01.03.02.001.000004', 'Kertas Cover', '0', '0', '-', 0),
(525, NULL, '1.01.03.02.001.000005', 'Kertas Mirage Quarto', '0', '0', '-', 0),
(526, NULL, '1.01.03.02.001.000006', 'Kertas A3', '0', '0', '-', 0),
(527, NULL, '1.01.03.02.001.000007', 'Kertas F4 70 Gr Sinar Dunia', '0', '0', '-', 0),
(528, NULL, '1.01.03.02.001.000008', 'Kertas A4 Sidu', '0', '0', '-', 0),
(529, NULL, '1.01.03.02.001.000009', 'Kertas F4 80', '0', '0', '-', 0),
(530, NULL, '1.01.03.02.001.000010', 'Kertas A3 80', '0', '0', '-', 0),
(531, NULL, '1.01.03.02.001.000011', 'Kertas F4 80 Gram Sidu', '0', '0', '-', 0),
(532, NULL, '1.01.03.02.001.000012', 'Kertas A4 70 Gr', '0', '0', '-', 0),
(533, NULL, '1.01.03.02.001.000013', 'Kertas Hvs 80 Grm F4', '0', '0', '-', 0),
(534, NULL, '1.01.03.02.001.000014', 'Kertas Hvs 80 Grm A3', '0', '0', '-', 0),
(535, NULL, '1.01.03.02.001.000015', 'Kertas Hvs 80 Grm A4', '0', '0', '-', 0),
(536, NULL, '1.01.03.02.001.000016', 'Kertas F4 Warna', '0', '0', '-', 0),
(537, NULL, '1.01.03.02.001.000017', 'Kertas A4 80 Gr Sidu', '0', '0', '-', 0),
(538, NULL, '1.01.03.02.001.000018', 'Kertas F4 80 Gr Sidu', '0', '0', '-', 0),
(539, NULL, '1.01.03.02.001.000019', 'Kertas A4 80 Gr Sidu', '0', '0', '-', 0),
(540, NULL, '1.01.03.02.001.000020', 'Kertas F4 80 Gr Sidu', '0', '0', '-', 0),
(541, NULL, '1.01.03.02.001.000021', 'Kertas F4 Sidu', '0', '0', '-', 0),
(542, NULL, '1.01.03.02.001.000022', 'Kertas A4 Sidu', '0', '0', '-', 0),
(543, NULL, '1.01.03.02.001.000023', 'Kertas F4 Warna (box)', '0', '0', '-', 0),
(544, NULL, '1.01.03.02.001.000024', 'Kertas A4 Sidu 75 Gram', '0', '0', '-', 0),
(545, NULL, '1.01.03.02.001.000025', 'Hvs A4 Sidu 70/75 Gsm Box', '0', '0', '-', 0),
(546, NULL, '1.01.03.02.001.000026', 'Hvs F4 Sidu 70/75 Gsm Box', '0', '0', '-', 0),
(547, NULL, '1.01.03.02.001.000027', 'Kertas Ncr 2 Ply Paperline', '0', '0', '-', 0),
(548, NULL, '1.01.03.02.001.000028', 'Kertas F4 Sidu 75 Gram', '0', '0', '-', 0),
(549, NULL, '1.01.03.02.001.000029', 'Kertas Hvs F4 Gram Merek Sinar Dunia', '0', '0', '-', 0),
(550, NULL, '1.01.03.02.001.000030', 'Kertas Hvs A4 75 Gram Merek Sinar Dunia', '0', '0', '-', 0),
(551, NULL, '1.01.03.02.002.000001', 'Label', '0', '0', '-', 0),
(552, NULL, '1.01.03.02.002.000002', 'Kertas Fax', '0', '0', '-', 0),
(553, NULL, '1.01.03.02.002.000003', 'Stiker Transparan', '0', '0', '-', 0),
(554, NULL, '1.01.03.02.002.000004', 'Kertas Karbon', '0', '0', '-', 0),
(555, NULL, '1.01.03.02.003.000001', 'Cover', '0', '0', '-', 0),
(556, NULL, '1.01.03.02.003.000002', 'Kertas Krukut', '0', '0', '-', 0),
(557, NULL, '1.01.03.02.003.000003', 'Cover Plastik Folio Bening (per Pcs)', '0', '0', '-', 0),
(558, NULL, '1.01.03.02.004.000001', 'Amplop Kecil', '0', '0', '-', 0),
(559, NULL, '1.01.03.02.004.000002', 'Amplop Sedang', '0', '0', '-', 0),
(560, NULL, '1.01.03.02.004.000003', 'Amplop Besar', '0', '0', '-', 0),
(561, NULL, '1.01.03.02.004.000004', 'Amplop T', '0', '0', '-', 0),
(562, NULL, '1.01.03.02.004.000005', 'Amplop Putih Paperline 90 Panjang', '0', '0', '-', 0),
(563, NULL, '1.01.03.02.004.000006', 'Amplop Putih Paperline 104 Kecil', '0', '0', '-', 0),
(564, NULL, '1.01.03.02.004.000007', 'Amplop Air Mail', '0', '0', '-', 0),
(565, NULL, '1.01.03.02.004.000008', 'Amplop Putih Paperline 110 Sedang', '0', '0', '-', 0),
(566, NULL, '1.01.03.02.004.000009', 'Amplop Polos Putih Ukuran 110 X 230 Mm', '0', '0', '-', 0),
(567, NULL, '1.01.03.02.004.000010', 'Amplop Coklat Uk. A3', '0', '0', '-', 0),
(568, NULL, '1.01.03.02.004.000011', 'Cetak Amplop Dinas', '0', '0', '-', 0),
(569, NULL, '1.01.03.02.999.000001', 'Kertas Milimeter', '0', '0', '-', 0),
(570, NULL, '1.01.03.02.999.000002', 'Kertas Kalkir', '0', '0', '-', 0),
(571, NULL, '1.01.03.02.999.000003', 'Buku Kuitansi', '0', '0', '-', 0),
(572, NULL, '1.01.03.02.999.000004', 'Kertas Mika Folio', '0', '0', '-', 0),
(573, NULL, '1.01.03.02.999.000005', 'Cover Buffalo Folio', '0', '0', '-', 0),
(574, NULL, '1.01.03.02.999.000006', 'Cover Plastik Folio Bening', '0', '0', '-', 0),
(575, NULL, '1.01.03.02.999.000007', 'Kertas Sampul', '0', '0', '-', 0),
(576, NULL, '1.01.03.02.999.000008', 'Nota', '0', '0', '-', 0),
(577, NULL, '1.01.03.02.999.000009', 'Kertas Stiker', '0', '0', '-', 0),
(578, NULL, '1.01.03.02.999.000010', 'Plastik Transparan', '0', '0', '-', 0),
(579, NULL, '1.01.03.02.999.000011', 'Glossy Sticker Photo Paper A4', '0', '0', '-', 0),
(580, NULL, '1.01.03.02.999.000012', 'Kertas Sertifikat', '0', '0', '-', 0),
(581, NULL, '1.01.03.02.999.000013', 'Kertas Foto Data Print', '0', '0', '-', 0),
(582, NULL, '1.01.03.04.001.000001', 'Continuous Form', '0', '0', '-', 0),
(583, NULL, '1.01.03.04.002.000001', 'Tempat Dvd', '0', '0', '-', 0),
(584, NULL, '1.01.03.04.003.000001', 'Refill Tinta Epson', '0', '0', '-', 0),
(585, NULL, '1.01.03.04.004.000001', 'Tinta Canon Hitam', '0', '0', '-', 0),
(586, NULL, '1.01.03.04.004.000002', 'Refill Toner', '0', '0', '-', 0),
(587, NULL, '1.01.03.04.004.000003', 'Tinta Botol Hitam E-print', '0', '0', '-', 0),
(588, NULL, '1.01.03.04.004.000004', 'Tinta Otomatis', '0', '0', '-', 0),
(589, NULL, '1.01.03.04.004.000005', 'Tinta Botol Warna E-print', '0', '0', '-', 0),
(590, NULL, '1.01.03.04.004.000006', 'Tinta Botol Hitam Epson', '0', '0', '-', 0),
(591, NULL, '1.01.03.04.004.000007', 'Refill Tinta Canon E-print', '0', '0', '-', 0),
(592, NULL, '1.01.03.04.004.000008', 'Refill Tinta Printer Epson', '0', '0', '-', 0),
(593, NULL, '1.01.03.04.004.000009', 'Ink Canon 810 Black', '0', '0', '-', 0),
(594, NULL, '1.01.03.04.004.000010', 'Ink Canon 811 Colour', '0', '0', '-', 0),
(595, NULL, '1.01.03.04.004.000011', 'Tinta Epson L220', '0', '0', '-', 0),
(596, NULL, '1.01.03.04.004.000012', 'Tinta Epson L221', '0', '0', '-', 0),
(597, NULL, '1.01.03.04.004.000013', 'Tinta Epson L565', '0', '0', '-', 0),
(598, NULL, '1.01.03.04.004.000014', 'Tinta Epson L1300', '0', '0', '-', 0),
(599, NULL, '1.01.03.04.004.000015', 'Tinta Mipo', '0', '0', '-', 0),
(600, NULL, '1.01.03.04.004.000016', 'Tinta Brother D60 Bk', '0', '0', '-', 0),
(601, NULL, '1.01.03.04.004.000017', 'Tinta Brother Bt5000cl', '0', '0', '-', 0),
(602, NULL, '1.01.03.04.004.000018', 'Tinta Alfaink', '0', '0', '-', 0),
(603, NULL, '1.01.03.04.004.000019', 'Tinta Epson L565 Black', '0', '0', '-', 0),
(604, NULL, '1.01.03.04.004.000020', 'Catridge Pixma 810', '0', '0', '-', 0),
(605, NULL, '1.01.03.04.004.000021', 'Catridge Pixma 811', '0', '0', '-', 0),
(606, NULL, '1.01.03.04.004.000022', 'Tinta Epson 003 Black', '0', '0', '-', 0),
(607, NULL, '1.01.03.04.004.000023', 'Tinta Epson 003 Magenta', '0', '0', '-', 0),
(608, NULL, '1.01.03.04.004.000024', 'Tinta Epson 003 Yellow', '0', '0', '-', 0),
(609, NULL, '1.01.03.04.004.000025', 'Tinta Epson 003 Cyan', '0', '0', '-', 0),
(610, NULL, '1.01.03.04.004.000026', 'Tinta Epson 003 Colour', '0', '0', '-', 0),
(611, NULL, '1.01.03.04.004.000027', 'Tinta E-print 200ml Bk', '0', '0', '-', 0),
(612, NULL, '1.01.03.04.004.000028', 'Tinta E-print 200ml Colour', '0', '0', '-', 0),
(613, NULL, '1.01.03.04.004.000029', 'Tinta Epson 673', '0', '0', '-', 0),
(614, NULL, '1.01.03.04.004.000030', 'Tinta Epson 664 Bk', '0', '0', '-', 0),
(615, NULL, '1.01.03.04.004.000031', 'Tinta Epson 664 Colour', '0', '0', '-', 0),
(616, NULL, '1.01.03.04.004.000032', 'Tinta Epson 001bk', '0', '0', '-', 0),
(617, NULL, '1.01.03.04.004.000033', 'Tinta Brother Hitam', '0', '0', '-', 0),
(618, NULL, '1.01.03.04.004.000034', 'Tinta Brother Warna', '0', '0', '-', 0),
(619, NULL, '1.01.03.04.004.000035', 'Catridge 810', '0', '0', '-', 0),
(620, NULL, '1.01.03.04.004.000036', 'Catridge 811', '0', '0', '-', 0),
(621, NULL, '1.01.03.04.004.000037', 'Refill Tinta Canon', '0', '0', '-', 0),
(622, NULL, '1.01.03.04.004.000038', 'Catridge 750', '0', '0', '-', 0),
(623, NULL, '1.01.03.04.004.000039', 'Catridge 751 Colour', '0', '0', '-', 0),
(624, NULL, '1.01.03.04.004.000040', 'Tinta Data Print', '0', '0', '-', 0),
(625, NULL, '1.01.03.04.004.000041', 'Parfum Ruangan Refill', '0', '0', '-', 0),
(626, NULL, '1.01.03.04.004.000042', 'Catridge Epson Plq 30', '0', '0', '-', 0),
(627, NULL, '1.01.03.04.004.000043', 'Tinta Epson L3110', '0', '0', '-', 0),
(628, NULL, '1.01.03.04.004.000044', 'Tinta Epson B', '0', '0', '-', 0),
(629, NULL, '1.01.03.04.004.000045', 'Tinta Epson 008 4 Warna', '0', '0', '-', 0),
(630, NULL, '1.01.03.04.004.000046', 'Tinta Printer Epson 003', '0', '0', '-', 0),
(631, NULL, '1.01.03.04.004.000047', 'Tinta Epson 008 Hitam', '0', '0', '-', 0),
(632, NULL, '1.01.03.04.004.000048', 'Tinta Epson 008 Warna', '0', '0', '-', 0),
(633, NULL, '1.01.03.04.006.000001', 'Usb Flash Disk Sandisk 8 Gb', '0', '0', '-', 0),
(634, NULL, '1.01.03.04.006.000002', 'Usb Flash Disk Sandisk 16 Gb', '0', '0', '-', 0),
(635, NULL, '1.01.03.04.006.000003', 'Usb Flash Disk Kingston 16 Gb', '0', '0', '-', 0),
(636, NULL, '1.01.03.04.006.000004', 'Usb Flash Disk Kingston 8gb', '0', '0', '-', 0),
(637, NULL, '1.01.03.04.006.000005', 'Usb Flashdisk 4 Gb', '0', '0', '-', 0),
(638, NULL, '1.01.03.04.006.000006', 'Usb Flash Disk Toshiba 8 Gb', '0', '0', '-', 0),
(639, NULL, '1.01.03.04.006.000007', 'Usb Flash Disk Pny 8 Gb', '0', '0', '-', 0),
(640, NULL, '1.01.03.04.006.000008', 'Hub Usb', '0', '0', '-', 0),
(641, NULL, '1.01.03.04.006.000009', 'Usb Flashdisk Philip 16 Gb', '0', '0', '-', 0),
(642, NULL, '1.01.03.04.006.000010', 'Usb Flashdisk Hp 16 Gb', '0', '0', '-', 0),
(643, NULL, '1.01.03.04.006.000011', 'Usb Flashdisk Hp 8 Gb', '0', '0', '-', 0),
(644, NULL, '1.01.03.04.006.000012', 'Usb Flashdisk Toshiba 16 Gb', '0', '0', '-', 0),
(645, NULL, '1.01.03.04.006.000013', 'Flash Disk Wstor 2 Gb', '0', '0', '-', 0),
(646, NULL, '1.01.03.04.006.000014', 'Flash Disk Transend', '0', '0', '-', 0),
(647, NULL, '1.01.03.04.006.000015', 'Flash Disk Pendrive 8 Gb', '0', '0', '-', 0),
(648, NULL, '1.01.03.04.006.000016', 'Usb Mini Prolink', '0', '0', '-', 0),
(649, NULL, '1.01.03.04.006.000017', 'Flash Disk 8 Gb Adata', '0', '0', '-', 0),
(650, NULL, '1.01.03.04.006.000018', 'Flash Disk 16 Gb Adata', '0', '0', '-', 0),
(651, NULL, '1.01.03.04.006.000019', 'Flash Disk 32 Gb', '0', '0', '-', 0),
(652, NULL, '1.01.03.04.006.000020', 'Flashdisk 64gb', '0', '0', '-', 0),
(653, NULL, '1.01.03.04.006.000021', 'Hardisk External 2tb Seagate', '0', '0', '-', 0),
(654, NULL, '1.01.03.04.006.000022', 'Flashdisk 64gb', '0', '0', '-', 0),
(655, NULL, '1.01.03.04.006.000023', 'Flashdisk 32gb', '0', '0', '-', 0),
(656, NULL, '1.01.03.04.006.000024', 'Flashdisk Kingston 16gb', '0', '0', '-', 0);
INSERT INTO `barang` (`id_barang`, `id_satuan`, `kode_barang`, `nama_barang`, `harga_barang`, `stok_barang`, `deskripsi`, `hide_barang`) VALUES
(657, NULL, '1.01.03.04.006.000025', 'Usb Sharing Switch 4 Port + Usb', '0', '0', '-', 0),
(658, NULL, '1.01.03.04.006.000026', 'Flashdisk 512 Gb', '0', '0', '-', 0),
(659, NULL, '1.01.03.04.006.000027', 'Flashdisk 256 Gb', '0', '0', '-', 0),
(660, NULL, '1.01.03.04.006.000028', 'Flashdisk Sandisk Type C', '0', '0', '-', 0),
(661, NULL, '1.01.03.04.006.000029', 'Flashdisk Sandisk 32gb', '0', '0', '-', 0),
(662, NULL, '1.01.03.04.006.000030', 'Flashdisk V178p 64 Gb', '0', '0', '-', 0),
(663, NULL, '1.01.03.04.006.000031', 'Flashdisk Hp V178p 32 Gb', '0', '0', '-', 0),
(664, NULL, '1.01.03.04.006.000032', 'Usb Switch Printer Nyk', '0', '0', '-', 0),
(665, NULL, '1.01.03.04.006.000033', 'Kabel Usb Printer 1,5', '0', '0', '-', 0),
(666, NULL, '1.01.03.04.006.000034', 'Usb Sound Adapter', '0', '0', '-', 0),
(667, NULL, '1.01.03.04.007.000001', 'Memory Card', '0', '0', '-', 0),
(668, NULL, '1.01.03.04.010.000001', 'Mouse Kabel', '0', '0', '-', 0),
(669, NULL, '1.01.03.04.010.000002', 'Mouse Wireless Paket Keyboard', '0', '0', '-', 0),
(670, NULL, '1.01.03.04.010.000003', 'Mouse Logitech', '0', '0', '-', 0),
(671, NULL, '1.01.03.04.010.000004', 'Mouse Bluetooth Wireless', '0', '0', '-', 0),
(672, NULL, '1.01.03.04.010.000005', 'Mouse Robot Silent Klik M370', '0', '0', '-', 0),
(673, NULL, '1.01.03.04.999.000001', 'Cd Rw', '0', '0', '-', 0),
(674, NULL, '1.01.03.04.999.000002', 'Cardtridge 756', '0', '0', '-', 0),
(675, NULL, '1.01.03.04.999.000003', 'Card Reader', '0', '0', '-', 0),
(676, NULL, '1.01.03.04.999.000004', 'Mouse Wireless', '0', '0', '-', 0),
(677, NULL, '1.01.03.04.999.000005', 'Keyboard', '0', '0', '-', 0),
(678, NULL, '1.01.03.04.999.000006', 'Tas Laptop', '0', '0', '-', 0),
(679, NULL, '1.01.03.04.999.000007', 'Cardtridge 750', '0', '0', '-', 0),
(680, NULL, '1.01.03.04.999.000008', 'Cardtridge 726', '0', '0', '-', 0),
(681, NULL, '1.01.03.04.999.000009', 'Pita Printer Lq 2180', '0', '0', '-', 0),
(682, NULL, '1.01.03.04.999.000010', 'Reseter', '0', '0', '-', 0),
(683, NULL, '1.01.03.04.999.000011', 'Infus', '0', '0', '-', 0),
(684, NULL, '1.01.03.04.999.000012', 'Cardtridge 725', '0', '0', '-', 0),
(685, NULL, '1.01.03.04.999.000013', 'Cardtridge 810', '0', '0', '-', 0),
(686, NULL, '1.01.03.04.999.000014', 'Cardtridge Canon 726 (bk;y;m;cy)', '0', '0', '-', 0),
(687, NULL, '1.01.03.04.999.000015', 'Dvd - R', '0', '0', '-', 0),
(688, NULL, '1.01.03.04.999.000016', 'Kabel Usb Printer', '0', '0', '-', 0),
(689, NULL, '1.01.03.04.999.000017', 'Mouse Pad', '0', '0', '-', 0),
(690, NULL, '1.01.03.04.999.000018', 'Kabel Hdmi 3 M', '0', '0', '-', 0),
(691, NULL, '1.01.03.04.999.000019', 'Mouse Usb', '0', '0', '-', 0),
(692, NULL, '1.01.03.04.999.000020', 'Ribbon Cardtridge', '0', '0', '-', 0),
(693, NULL, '1.01.03.04.999.000021', 'Cardtridge 811', '0', '0', '-', 0),
(694, NULL, '1.01.03.04.999.000022', 'Cardtridge 728', '0', '0', '-', 0),
(695, NULL, '1.01.03.04.999.000023', 'Cardtridge 751', '0', '0', '-', 0),
(696, NULL, '1.01.03.04.999.000024', 'Mouse Dan Mouse Pad', '0', '0', '-', 0),
(697, NULL, '1.01.03.04.999.000025', 'Pita Printer Epson 8750', '0', '0', '-', 0),
(698, NULL, '1.01.03.04.999.000026', 'Kabel Listrik', '0', '0', '-', 0),
(699, NULL, '1.01.03.04.999.000027', 'Keyboard Logitec', '0', '0', '-', 0),
(700, NULL, '1.01.03.04.999.000028', 'Kabel Usb', '0', '0', '-', 0),
(701, NULL, '1.01.03.04.999.000029', 'Cooling Pad', '0', '0', '-', 0),
(702, NULL, '1.01.03.04.999.000030', 'Cartridge Canon Pixma Ix6560 725 Black', '0', '0', '-', 0),
(703, NULL, '1.01.03.04.999.000031', 'Cartridge Canon Pixma Ix6560 726 Black', '0', '0', '-', 0),
(704, NULL, '1.01.03.04.999.000032', 'Cartridge Canon Pixma Ix6560 726 Cyan', '0', '0', '-', 0),
(705, NULL, '1.01.03.04.999.000033', 'Cartridge Canon Pixma Ix6560 726 Magenta', '0', '0', '-', 0),
(706, NULL, '1.01.03.04.999.000034', 'Cartridge Canon Pixma Ix6560 726 Yellow', '0', '0', '-', 0),
(707, NULL, '1.01.03.04.999.000035', 'Cartridge Canon 810 Black', '0', '0', '-', 0),
(708, NULL, '1.01.03.04.999.000036', 'Cartridge Canon 811 Colour', '0', '0', '-', 0),
(709, NULL, '1.01.03.04.999.000037', 'Cartridge Canon 830 Bk', '0', '0', '-', 0),
(710, NULL, '1.01.03.04.999.000038', 'Cartridge Canon 831 Cl', '0', '0', '-', 0),
(711, NULL, '1.01.03.04.999.000039', 'Cartridge Canon 726 Bk', '0', '0', '-', 0),
(712, NULL, '1.01.03.04.999.000040', 'Cartridge Canon 725 Pgbk', '0', '0', '-', 0),
(713, NULL, '1.01.03.04.999.000041', 'Cartridge Canon 725 Cli', '0', '0', '-', 0),
(714, NULL, '1.01.03.04.999.000042', 'Port Usb', '0', '0', '-', 0),
(715, NULL, '1.01.03.04.999.000043', 'Kabel Power', '0', '0', '-', 0),
(716, NULL, '1.01.03.04.999.000044', 'Mouse Optik', '0', '0', '-', 0),
(717, NULL, '1.01.03.04.999.000045', 'Cartridge Canon Ix6560', '0', '0', '-', 0),
(718, NULL, '1.01.03.04.999.000046', 'Harddisk', '0', '0', '-', 0),
(719, NULL, '1.01.03.04.999.000047', 'Flashdisk', '0', '0', '-', 0),
(720, NULL, '1.01.03.04.999.000048', 'Cartridge', '0', '0', '-', 0),
(721, NULL, '1.01.03.04.999.000049', 'Softcase Harddisk', '0', '0', '-', 0),
(722, NULL, '1.01.03.04.999.000050', 'Casing Cd', '0', '0', '-', 0),
(723, NULL, '1.01.03.04.999.000051', 'Cartridge Canon 745', '0', '0', '-', 0),
(724, NULL, '1.01.03.04.999.000052', 'Cartridge Canon 746', '0', '0', '-', 0),
(725, NULL, '1.01.03.04.999.000053', 'Mouse Logitech M221', '0', '0', '-', 0),
(726, NULL, '1.01.03.04.999.000054', 'Mouse Logitech M90', '0', '0', '-', 0),
(727, NULL, '1.01.03.04.999.000055', 'Keyboard Logitech K120', '0', '0', '-', 0),
(728, NULL, '1.01.03.04.999.000056', 'Mouse Logitech M220', '0', '0', '-', 0),
(729, NULL, '1.01.03.04.999.000057', 'Wireless Tp-link', '0', '0', '-', 0),
(730, NULL, '1.01.03.04.999.000058', 'Print Head Canon Ca 91', '0', '0', '-', 0),
(731, NULL, '1.01.03.04.999.000059', 'Print Head Canon Ca 92', '0', '0', '-', 0),
(732, NULL, '1.01.03.04.999.000060', 'Tinta Canon 790', '0', '0', '-', 0),
(733, NULL, '1.01.03.04.999.000061', 'Mouse Logitech M170', '0', '0', '-', 0),
(734, NULL, '1.01.03.04.999.000062', 'Mouse Logitech M235', '0', '0', '-', 0),
(735, NULL, '1.01.03.04.999.000063', 'Webcame Jete W2', '0', '0', '-', 0),
(736, NULL, '1.01.03.04.999.000064', 'Camera Webcame Nyk A95', '0', '0', '-', 0),
(737, NULL, '1.01.03.04.999.000065', 'Kabel Vga 10m', '0', '0', '-', 0),
(738, NULL, '1.01.03.04.999.000066', 'Headset Realme Buds', '0', '0', '-', 0),
(739, NULL, '1.01.03.04.999.000067', 'Kabel Hdmi 20m', '0', '0', '-', 0),
(740, NULL, '1.01.03.04.999.000068', 'Mouse Logitech M238', '0', '0', '-', 0),
(741, NULL, '1.01.03.04.999.000069', 'Power Bank', '0', '0', '-', 0),
(742, NULL, '1.01.03.04.999.000070', 'Kabel Aux', '0', '0', '-', 0),
(743, NULL, '1.01.03.04.999.000071', 'Headset Log-on Hearon2', '0', '0', '-', 0),
(744, NULL, '1.01.03.04.999.000072', 'Webcame Nyk A90', '0', '0', '-', 0),
(745, NULL, '1.01.03.04.999.000073', 'Headset Nyk Hs-p09', '0', '0', '-', 0),
(746, NULL, '1.01.03.04.999.000074', 'Speaker Remax M13', '0', '0', '-', 0),
(747, NULL, '1.01.03.04.999.000075', 'Webcame Mtech Wb-500', '0', '0', '-', 0),
(748, NULL, '1.01.03.04.999.000076', 'Speaker Logitech 2120', '0', '0', '-', 0),
(749, NULL, '1.01.03.04.999.000077', 'Converter Vga To Hdmi', '0', '0', '-', 0),
(750, NULL, '1.01.03.04.999.000078', 'Converter Displayport To Hdmi', '0', '0', '-', 0),
(751, NULL, '1.01.03.04.999.000079', 'Kabel Audio', '0', '0', '-', 0),
(752, NULL, '1.01.03.04.999.000080', '3plitter Hdmi 4port', '0', '0', '-', 0),
(753, NULL, '1.01.03.04.999.000081', 'Converter Hdmi To Vga', '0', '0', '-', 0),
(754, NULL, '1.01.03.04.999.000082', 'Targus Presenter Amp16', '0', '0', '-', 0),
(755, NULL, '1.01.03.04.999.000083', 'Mouse Wireless Logitech M350', '0', '0', '-', 0),
(756, NULL, '1.01.03.04.999.000084', 'H151 Headset', '0', '0', '-', 0),
(757, NULL, '1.01.03.04.999.000085', 'Mini Otg Adapter', '0', '0', '-', 0),
(758, NULL, '1.01.03.04.999.000086', 'Hdmi 10 Meter', '0', '0', '-', 0),
(759, NULL, '1.01.03.04.999.000087', 'Charger Acer', '0', '0', '-', 0),
(760, NULL, '1.01.03.04.999.000088', 'Adapter Hub 4 Port', '0', '0', '-', 0),
(761, NULL, '1.01.03.04.999.000089', 'Mouse Pad Aukey Rgb', '0', '0', '-', 0),
(762, NULL, '1.01.03.04.999.000090', 'Screen Protector 14"laptop', '0', '0', '-', 0),
(763, NULL, '1.01.03.04.999.000091', 'Mouse Logitech G102', '0', '0', '-', 0),
(764, NULL, '1.01.03.04.999.000092', 'Catridge Laserjet 26a', '0', '0', '-', 0),
(765, NULL, '1.01.03.04.999.000093', 'Mouse Wireless Paket Keyboard', '0', '0', '-', 0),
(766, NULL, '1.01.03.04.999.000094', 'Mousepad', '0', '0', '-', 0),
(767, NULL, '1.01.03.04.999.000095', 'Mouse Logitech M171', '0', '0', '-', 0),
(768, NULL, '1.01.03.04.999.000096', 'Mousepad Razer', '0', '0', '-', 0),
(769, NULL, '1.01.03.04.999.000097', 'Keyboard Dan Mouse Wireless Km3000', '0', '0', '-', 0),
(770, NULL, '1.01.03.04.999.000098', 'Gamen Earphone Gaming Gh1500', '0', '0', '-', 0),
(771, NULL, '1.01.03.04.999.000099', 'M-tech Usb Sound Adapter', '0', '0', '-', 0),
(772, NULL, '1.01.03.04.999.000100', 'Mousepad Panjang Nyk', '0', '0', '-', 0),
(773, NULL, '1.01.03.04.999.000101', 'Kabel Hdmi 5m', '0', '0', '-', 0),
(774, NULL, '1.01.03.04.999.000102', 'Hdd External Case (enclosure Computer)', '0', '0', '-', 0),
(775, NULL, '1.01.03.04.999.000103', 'Hdmi Splitter 2 Port', '0', '0', '-', 0),
(776, NULL, '1.01.03.04.999.000104', 'Universal Sambungan Kabel Hdmi F/f', '0', '0', '-', 0),
(777, NULL, '1.01.03.04.999.000105', 'Mousepad Karakter', '0', '0', '-', 0),
(778, NULL, '1.01.03.04.999.000106', 'Barel Lan', '0', '0', '-', 0),
(779, NULL, '1.01.03.05.001.000001', 'Sapu Lidi', '0', '0', '-', 0),
(780, NULL, '1.01.03.05.006.000001', 'Tali Rafia Plastik', '0', '0', '-', 0),
(781, NULL, '1.01.03.05.009.000001', 'Piring', '0', '0', '-', 0),
(782, NULL, '1.01.03.05.012.000001', 'Pengharum Ruangan Spray', '0', '0', '-', 0),
(783, NULL, '1.01.03.05.012.000002', 'Pengharum Ruangan Gantung', '0', '0', '-', 0),
(784, NULL, '1.01.03.05.012.000003', 'Pengharum Ruangan Matic', '0', '0', '-', 0),
(785, NULL, '1.01.03.05.012.000004', 'Pengharum Ruangan Matic (refill)', '0', '0', '-', 0),
(786, NULL, '1.01.03.05.012.000005', 'Pengharum Ruangan Spray', '0', '0', '-', 0),
(787, NULL, '1.01.03.05.999.000001', 'Papan Tulis', '0', '0', '-', 0),
(788, NULL, '1.01.03.05.999.000002', 'Tissue', '0', '0', '-', 0),
(789, NULL, '1.01.03.05.999.000003', 'Penghapus Papan Tulis', '0', '0', '-', 0),
(790, NULL, '1.01.03.05.999.000004', 'Desk Set Kenko', '0', '0', '-', 0),
(791, NULL, '1.01.03.05.999.000005', 'Desk Set K 239', '0', '0', '-', 0),
(792, NULL, '1.01.03.05.999.000006', 'Desk Set Joyko', '0', '0', '-', 0),
(793, NULL, '1.01.03.05.999.000007', 'Clip Board Papan Alas', '0', '0', '-', 0),
(794, NULL, '1.01.03.05.999.000008', 'Pigura', '0', '0', '-', 0),
(795, NULL, '1.01.03.06.010.000001', 'Baterai', '0', '0', '-', 0),
(796, NULL, '1.01.03.06.010.000002', 'Baterai Alkaline A2', '0', '0', '-', 0),
(797, NULL, '1.01.03.06.010.000003', 'Baterai Alkaline A3', '0', '0', '-', 0),
(798, NULL, '1.01.03.06.010.000004', 'Baterai Alkaline', '0', '0', '-', 0),
(799, NULL, '1.01.03.06.010.000005', 'Baterai Alkaline Kecil', '0', '0', '-', 0),
(800, NULL, '1.01.03.06.010.000006', 'Baterai Alkaline Sedang', '0', '0', '-', 0),
(801, NULL, '1.01.03.06.010.000007', 'Baterai Alkaline A2', '0', '0', '-', 0),
(802, NULL, '1.01.03.06.010.000008', 'Baterai Panasonic Aaa Biasa', '0', '0', '-', 0),
(803, NULL, '1.01.03.06.010.000009', 'Baterai Alkaline 9 Volt', '0', '0', '-', 0),
(804, NULL, '1.01.03.07.007.000001', 'Meteran 50', '0', '0', '-', 0),
(805, NULL, '1.01.03.07.007.000002', 'Tas Lapangan', '0', '0', '-', 0),
(806, NULL, '1.01.03.07.007.000003', 'Kaos Kaki', '0', '0', '-', 0),
(807, NULL, '1.01.03.07.007.000004', 'Kaos Krah Lacos Cvc', '0', '0', '-', 0),
(808, NULL, '1.01.03.07.007.000005', 'Sepatu Lapangan', '0', '0', '-', 0),
(809, NULL, '1.01.03.07.007.000006', 'Measuring Tape 30 M Fiberglass', '0', '0', '-', 0),
(810, NULL, '1.01.03.07.007.000007', 'Measuring Tape 100m Fiberglass', '0', '0', '-', 0),
(811, NULL, '1.01.03.07.007.000008', 'Measuring Tape Open Reel 1 2incx30m', '0', '0', '-', 0),
(812, NULL, '1.01.03.07.007.000009', 'Jas Hujan', '0', '0', '-', 0),
(813, NULL, '1.01.03.07.007.000010', 'Topi Survey Lapangan', '0', '0', '-', 0),
(814, NULL, '1.01.03.07.007.000011', 'Payung Mini', '0', '0', '-', 0),
(815, NULL, '1.01.03.07.007.000012', 'Measuring Tape Meteran', '0', '0', '-', 0),
(816, NULL, '1.01.03.07.007.000013', 'Tas Pollo Army', '0', '0', '-', 0),
(817, NULL, '1.01.03.07.007.000014', 'Baju Kaos', '0', '0', '-', 0),
(818, NULL, '1.01.03.07.007.000015', 'Baju Lapang', '0', '0', '-', 0),
(819, NULL, '1.01.03.11.999.000001', 'Colokan 1,5 M 3 Lubang', '0', '0', '-', 0),
(820, NULL, '1.01.03.99.999.000001', 'Kapur Barus', '0', '0', '-', 0),
(821, NULL, '1.01.03.99.999.000002', 'Benang', '0', '0', '-', 0),
(822, NULL, '1.01.03.99.999.000003', 'Gabus', '0', '0', '-', 0),
(823, NULL, '1.01.03.99.999.000004', 'Cottonbuds', '0', '0', '-', 0),
(824, NULL, '1.01.03.99.999.000005', 'Dettol', '0', '0', '-', 0),
(825, NULL, '1.01.03.99.999.000006', 'Jarum', '0', '0', '-', 0),
(826, NULL, '1.01.03.99.999.000007', 'Masker', '0', '0', '-', 0),
(827, NULL, '1.01.03.99.999.000008', 'Bayclean', '0', '0', '-', 0),
(828, NULL, '1.01.03.99.999.000009', 'Baygon', '0', '0', '-', 0),
(829, NULL, '1.01.03.99.999.000010', 'Tali Rafia', '0', '0', '-', 0),
(830, NULL, '1.01.03.99.999.000011', 'Pengharum Ruangan Spray', '0', '0', '-', 0),
(831, NULL, '1.01.03.99.999.000012', 'Pengharum Ruangan Gantung', '0', '0', '-', 0),
(832, NULL, '1.01.03.99.999.000013', 'Pengharum Ruangan Matic', '0', '0', '-', 0),
(833, NULL, '1.01.03.99.999.000014', 'Pengharum Ruangan Matic (refill)', '0', '0', '-', 0),
(834, NULL, '1.01.03.99.999.000015', 'Tissue', '0', '0', '-', 0),
(835, NULL, '1.01.03.99.999.000016', 'Materai', '0', '0', '-', 0),
(836, NULL, '1.01.03.99.999.000017', 'Materai 3000', '0', '0', '-', 0),
(837, NULL, '1.01.03.99.999.000018', 'Karet Gelang', '0', '0', '-', 0),
(838, NULL, '1.01.03.99.999.000019', 'Mouse Pad', '0', '0', '-', 0),
(839, NULL, '1.01.03.99.999.000020', 'Colokan 1,5 M 3 Lubang', '0', '0', '-', 0),
(840, NULL, '1.01.03.99.999.000021', 'Stop Kontak + Kabel 5 Lubang 3 Meter', '0', '0', '-', 0),
(841, NULL, '1.01.05.01.001.000001', 'Materai 6000', '0', '0', '-', 0),
(842, NULL, '1.01.05.01.006.000001', 'Aset Tetap Lainnya', '0', '0', '-', 0),
(843, NULL, '1.01.05.01.008.000001', 'Sertipikat Hat', '0', '0', '-', 0),
(844, NULL, '1.01.05.01.008.000002', 'Sertipikat Hak Tanggungan', '0', '0', '-', 0),
(845, NULL, '1.01.05.01.008.000003', 'Sertipikat Wakaf', '0', '0', '-', 0),
(846, NULL, '1.01.05.01.008.000004', 'Sertipikat Satuan Rumah Susun', '0', '0', '-', 0),
(847, NULL, '1.01.05.01.008.000005', 'Sambungan Sertipikat Hat', '0', '0', '-', 0),
(848, NULL, '1.01.05.01.008.000006', 'Sambungan Sertipikat Hak Tanggungan', '0', '0', '-', 0),
(849, NULL, '1.01.05.01.008.000007', 'Akta Jual Beli', '0', '0', '-', 0),
(850, NULL, '1.01.05.01.008.000008', 'Akta Hibah', '0', '0', '-', 0),
(851, NULL, '1.01.05.01.008.000009', 'Akta Pemberian Hak Tanggungan', '0', '0', '-', 0),
(852, NULL, '1.01.05.01.008.000010', 'Akta Surat Kuasa Membebankan Hak Tanggungan', '0', '0', '-', 0),
(853, NULL, '1.01.05.01.008.000011', 'Akta Pembagian Hak Bersama', '0', '0', '-', 0),
(854, NULL, '1.01.05.01.008.000012', 'Akta Pemasukan Dalam Perusahaan', '0', '0', '-', 0),
(855, NULL, '1.01.05.01.008.000013', 'Akta Pemberian Hgb Hp Diatas Tanah Hak Milik', '0', '0', '-', 0),
(856, NULL, '1.01.05.01.008.000014', 'Akta Tukar Menukar', '0', '0', '-', 0),
(857, NULL, '1.01.05.01.008.000015', 'Sambungan Sertipikat Satuan Rumah Susun', '0', '0', '-', 0),
(858, NULL, '1.01.03.01.001.000093', 'Ballpoint Snowman V-4 (pcs)', '0', '0', '-', 0),
(859, NULL, '1.01.03.01.001.000094', 'Pensil 2b Joyco (pcs)', '0', '0', '-', 0),
(860, NULL, '1.01.03.01.001.000095', 'Ballpoint Joyko Bp-327 Maze (pcs)', '0', '0', '-', 0),
(861, NULL, '1.01.03.01.006.000105', 'Stofmap Merek Biola (perlembar)', '0', '0', '-', 0),
(862, NULL, '1.01.03.01.006.000106', 'Map Topla', '0', '0', '-', 0),
(863, NULL, '1.01.03.01.999.000139', 'Materai 10.000', '0', '0', '-', 0),
(864, NULL, '1.01.03.02.002.000005', 'Kertas Continuous Form 2p', '0', '0', '-', 0),
(865, NULL, '1.01.03.01.999.000140', 'Tas Map Topla (pak)', '0', '0', '-', 0),
(866, NULL, '1.01.03.01.999.000141', 'Container Box Kecil', '0', '0', '-', 0),
(867, NULL, '1.01.03.01.999.000142', 'Box File Plastik', '0', '0', '-', 0),
(868, NULL, '1.01.03.04.006.000035', 'Sambungan Type C', '0', '0', '-', 0),
(869, NULL, '1.01.03.04.006.000036', 'Kabel Hdmi 10 Meter', '0', '0', '-', 0),
(870, NULL, '1.01.03.11.999.000002', 'Mousepad', '0', '0', '-', 0),
(871, NULL, '1.01.03.01.001.000096', 'Rautan', '0', '0', '-', 0),
(872, NULL, '1.01.03.01.006.000107', 'Map Redistribusi Tanah', '0', '0', '-', 0),
(873, NULL, '1.01.03.02.001.000031', 'Cetak Blanko Kertas Hvs F4 2 Sisi - Form Permohonan Layanan', '0', '0', '-', 0),
(874, NULL, '1.01.03.01.006.000108', 'Tas Map B280', '0', '0', '-', 0),
(875, NULL, '1.01.03.01.001.000097', 'Pulpen Merekku', '0', '0', '-', 0),
(876, NULL, '1.01.03.01.001.000098', 'Pen Standard Boldliner Pro Signature', '0', '0', '-', 0),
(877, NULL, '1.01.03.01.008.000008', 'Refill Isi Cutter Kenko A-100 Kecil', '0', '0', '-', 0),
(878, NULL, '1.01.03.01.006.000109', 'Map L Bening Big', '0', '0', '-', 0),
(879, NULL, '1.01.03.01.006.000110', 'Map L Bening Rexy', '0', '0', '-', 0),
(880, NULL, '1.01.03.02.002.000006', 'Sticky Note Vis 1 Persegi Im-07', '0', '0', '-', 0),
(881, NULL, '1.01.03.02.002.000007', 'Sticky Notes Favo Sn-7651', '0', '0', '-', 0),
(882, NULL, '1.01.03.04.004.000049', 'Tinta Epson 001 Magenta', '0', '0', '-', 0),
(883, NULL, '1.01.03.04.004.000050', 'Tinta Epson 001 Yellow', '0', '0', '-', 0),
(884, NULL, '1.01.03.04.010.000006', 'Mouse Wireless Philips Spk7378', '0', '0', '-', 0),
(885, NULL, '1.01.03.06.010.000010', 'Baterai Alkaline Aa (4+2)', '0', '0', '-', 0),
(886, NULL, '1.01.03.01.001.000099', 'Pensil 2b Big 900 Excellent', '0', '0', '-', 0),
(887, NULL, '1.01.03.01.999.000143', 'Pen Snowman V3', '0', '0', '-', 0),
(888, NULL, '1.01.03.02.002.000008', 'Kertas Foto Stiker Data Print A4', '0', '0', '-', 0),
(889, NULL, '1.01.03.04.006.000037', 'Usb Hub 4 Port 2.0 M-tech', '0', '0', '-', 0),
(890, NULL, '1.01.03.04.006.000038', 'Flashdisk Sandisk Cruzer Blade 128 Gb', '0', '0', '-', 0),
(891, NULL, '1.01.03.01.001.000100', 'Pensil 2b Artline', '0', '0', '-', 0),
(892, NULL, '1.01.03.01.001.000101', 'Stabilo Kenko Hl-100', '0', '0', '-', 0),
(893, NULL, '1.01.03.01.010.000040', 'Double Tape Busa 48mm', '0', '0', '-', 0),
(894, NULL, '1.01.03.02.002.000009', 'Sticky Note Sedang (pcs)', '0', '0', '-', 0),
(895, NULL, '1.01.03.02.002.000010', 'Sticky Note Besar (pcs)', '0', '0', '-', 0),
(896, NULL, '1.01.03.01.999.000145', 'Ballpoint Zebra Sarasa Clip Gel 0,7', '0', '0', '-', 0),
(897, NULL, '1.01.03.04.006.000039', 'Usb/flashdisk Sandisk Cruzer Glide 32 Gb', '0', '0', '-', 0),
(898, NULL, '1.01.03.04.010.000007', 'Mousepad Logitech Studio Series', '0', '0', '-', 0),
(899, NULL, '1.01.03.04.010.000008', 'Mouse Wireless Logitech', '0', '0', '-', 0),
(900, NULL, '1.01.03.10.999.000001', 'Mesin Penghancur Kertas', '0', '0', '-', 0),
(901, NULL, '1.01.03.10.999.000002', 'Keyboard Wireless', '0', '0', '-', 0),
(902, NULL, '1.01.03.02.002.000011', 'Kertas Sticker Glossy Photo Paper Data Print', '0', '0', '-', 0),
(903, NULL, '1.01.03.01.003.000068', 'Binder Clip 280', '0', '0', '-', 0),
(904, NULL, '1.01.03.02.001.000032', 'Art Paper', '0', '0', '-', 0),
(905, NULL, '1.01.03.01.999.000144', 'Mouse Wireless Logitech M171', '0', '0', '-', 0),
(906, NULL, '1.01.03.01.003.000069', 'Staples Remover Sr-51', '0', '0', '-', 0),
(907, NULL, '1.01.03.04.004.000051', 'Brother Toner Tn-269xl Black', '0', '0', '-', 0),
(908, NULL, '1.01.03.04.004.000052', 'Brother Toner Tn-269xl C/m/y', '0', '0', '-', 0),
(909, NULL, '1.01.03.01.010.000041', 'Lakban Hitam Besar 48 Mm', '0', '0', '-', 0),
(910, NULL, '1.01.03.01.010.000042', 'Lakban Bening 48 Mm Bazic', '0', '0', '-', 0),
(911, NULL, '1.01.03.01.010.000043', 'Double Tape Ukuran 24 Mm', '0', '0', '-', 0),
(912, 5, '1.01.03.04.999.000107', 'Keyboard Wireless Robot Kb30', '1000', '250000', '-', 0),
(913, 11, '1.01.03.01.006.000112', 'Box Arsip Besar', '0', '0', '-', 0),
(914, 11, '1.01.03.01.006.000113', 'Box Arsip Sedang', '0', '0', '-', 0),
(915, 11, '1.01.03.01.006.000114', 'Box Arsip Kecil', '10000', '24900', '-', 0),
(916, 12, '1.01.03.01.006.000111', 'Map Balik Nama', '10000', '9590', '-', 0);

-- --------------------------------------------------------

--
-- Struktur dari tabel `barang_keluar`
--

CREATE TABLE `barang_keluar` (
  `id_barang_keluar` int(11) NOT NULL,
  `id_pegawai` int(11) DEFAULT NULL,
  `no_berita_acara` varchar(20) DEFAULT NULL,
  `no_bukti` varchar(20) DEFAULT NULL,
  `asal_permintaan` varchar(100) DEFAULT NULL,
  `tanggal_barang_keluar` date DEFAULT NULL,
  `keterangan_barang_keluar` text NOT NULL,
  `status_barang_keluar` varchar(50) DEFAULT 'Menunggu',
  `tanggal_pengajuan` datetime NOT NULL DEFAULT CURRENT_TIMESTAMP,
  `status_pimpinan` varchar(20) DEFAULT NULL
) ENGINE=InnoDB DEFAULT CHARSET=latin1;

--
-- Dumping data untuk tabel `barang_keluar`
--

INSERT INTO `barang_keluar` (`id_barang_keluar`, `id_pegawai`, `no_berita_acara`, `no_bukti`, `asal_permintaan`, `tanggal_barang_keluar`, `keterangan_barang_keluar`, `status_barang_keluar`, `tanggal_pengajuan`, `status_pimpinan`) VALUES
(1, 3, 'NP-001/Dec/2025', 'NP-001/Dec/2025', '-', '2025-12-24', '-', 'Diterima', '2025-12-24 05:37:38', NULL),
(2, 4, 'NP-002/Dec/2025', 'NP-002/Dec/2025', '-', '2025-12-24', '-', 'Menunggu', '2025-12-24 05:38:12', NULL),
(3, 3, '', 'NP-003/Dec/2025', '', NULL, '-', 'Menunggu', '2025-12-24 05:56:10', NULL),
(4, 3, '', 'NP-003/Dec/2025', '', NULL, '-', 'Diterima Sebagian', '2025-12-24 23:55:41', NULL);

--
-- Trigger `barang_keluar`
--
DELIMITER $$
CREATE TRIGGER `3.delete_barang_keluar` AFTER DELETE ON `barang_keluar` FOR EACH ROW DELETE FROM `rincian_barang_keluar` WHERE id_barang_keluar =OLD.id_barang_keluar
$$
DELIMITER ;

-- --------------------------------------------------------

--
-- Struktur dari tabel `barang_masuk`
--

CREATE TABLE `barang_masuk` (
  `id_barang_masuk` int(11) NOT NULL,
  `no_barang_masuk` varchar(10) NOT NULL,
  `no_bukti` varchar(50) NOT NULL,
  `tanggal_barang_masuk` date NOT NULL,
  `status_input` varchar(10) DEFAULT NULL
) ENGINE=InnoDB DEFAULT CHARSET=latin1;

--
-- Dumping data untuk tabel `barang_masuk`
--

INSERT INTO `barang_masuk` (`id_barang_masuk`, `no_barang_masuk`, `no_bukti`, `tanggal_barang_masuk`, `status_input`) VALUES
(1, '001', '001', '2025-12-20', NULL),
(2, '002', '002', '2025-12-20', NULL);

--
-- Trigger `barang_masuk`
--
DELIMITER $$
CREATE TRIGGER `1.delete_barang_masuk` AFTER DELETE ON `barang_masuk` FOR EACH ROW DELETE FROM `rincian_barang_masuk` WHERE id_barang_masuk =OLD.id_barang_masuk
$$
DELIMITER ;

-- --------------------------------------------------------

--
-- Struktur dari tabel `bidang`
--

CREATE TABLE `bidang` (
  `id_bidang` int(11) NOT NULL,
  `nama_bidang` text NOT NULL,
  `hide_bidang` int(11) NOT NULL DEFAULT '0'
) ENGINE=InnoDB DEFAULT CHARSET=latin1;

--
-- Dumping data untuk tabel `bidang`
--

INSERT INTO `bidang` (`id_bidang`, `nama_bidang`, `hide_bidang`) VALUES
(1, 'Subbag Tata Usaha / Administrasi', 0),
(2, 'Bidang Penanganan Sengketa Pertanahan', 0),
(3, 'Bidang Penataan & Pengendalian Pertanahan', 0),
(4, 'Bidang Hak & Pendaftaran Tanah', 0),
(5, 'Bidang Survei, Pengukuran, dan Pemetaan', 0);

-- --------------------------------------------------------

--
-- Struktur dari tabel `jabatan`
--

CREATE TABLE `jabatan` (
  `id_jabatan` int(11) NOT NULL,
  `nama_jabatan` varchar(100) NOT NULL,
  `keterangan_jabatan` text,
  `hide_jabatan` int(11) NOT NULL DEFAULT '0'
) ENGINE=InnoDB DEFAULT CHARSET=latin1;

--
-- Dumping data untuk tabel `jabatan`
--

INSERT INTO `jabatan` (`id_jabatan`, `nama_jabatan`, `keterangan_jabatan`, `hide_jabatan`) VALUES
(1, 'Kepala Kantor Pertanahan', NULL, 0),
(2, 'Kepala Sub Bagian Tata Usaha', NULL, 0),
(3, 'Kepala Seksi Survei Dan Pemetaan', NULL, 0),
(4, 'Kepala Seksi Penetapan Hak Dan Pendaftaran', NULL, 0),
(5, 'Kepala Seksi Penataan Dan Pemberdayaan', NULL, 0),
(6, 'Kepala Seksi Pengadaan Tanah Dan Pengembangan', NULL, 0),
(7, 'Kepala Seksi Pengendalian Dan Penanganan Sengketa', NULL, 0),
(8, 'Analis Pengelolaan Keuangan Apbn Pertama', NULL, 0),
(9, 'Analis Sumber Daya Manusia Aparatur Pertama', NULL, 0),
(10, 'Penata Kadastral Pertama', NULL, 0),
(11, 'Penata Pertanahan Pertama', NULL, 0),
(12, 'Analis Keuangan', NULL, 0),
(13, 'Penata Pertanahan Ahli Pertama', NULL, 0),
(14, 'Bendahara', NULL, 0),
(15, 'Pengelola Sistem Dan Jaringan', NULL, 0),
(16, 'Petugas Ukur', NULL, 0),
(17, 'Penata Pertanahan Ahli Muda', NULL, 0),
(18, 'Asisten Penata Kadastral Terampil', NULL, 0),
(19, 'Analis Hukum Pertanahan', NULL, 0),
(20, 'Pengelola Informasi Pertanahan', NULL, 0),
(21, 'Pengolah Data Yuridis Pertanahan', NULL, 0),
(22, 'Verifikator Berkas Permohonan Hak', NULL, 0),
(23, 'Asisten Pengadministrasian Umum', NULL, 0),
(24, 'Asisten Verifikator Berkas', NULL, 0),
(25, 'Penjaga Keamanan', NULL, 0),
(26, 'Operator Komputer', NULL, 0),
(27, 'Ahli Pertama - Penata Pertanahan', NULL, 0),
(28, 'Pramubakti', NULL, 0),
(29, 'Juru Ukur', NULL, 0),
(30, 'Customer Service Officer', NULL, 0),
(31, 'Pengemudi', NULL, 0),
(32, 'Asisten Penata Kadastral Pemula', NULL, 0),
(34, 'Konsultan Perorangan', NULL, 0),
(35, 'Asisten Surveyor Kadastral', NULL, 0),
(36, 'Penata Pertanahan', NULL, 0),
(37, 'Pengelola Layanan Operasional', NULL, 0),
(38, 'Pengadministasi Perkantoran', NULL, 0),
(39, 'Penata Layanan Operasional', NULL, 0);

-- --------------------------------------------------------

--
-- Struktur dari tabel `pangkat`
--

CREATE TABLE `pangkat` (
  `id_pangkat` int(11) NOT NULL,
  `nama_pangkat` varchar(100) NOT NULL,
  `hide_pangkat` int(11) NOT NULL DEFAULT '0'
) ENGINE=InnoDB DEFAULT CHARSET=latin1;

--
-- Dumping data untuk tabel `pangkat`
--

INSERT INTO `pangkat` (`id_pangkat`, `nama_pangkat`, `hide_pangkat`) VALUES
(1, '-', 0),
(2, 'ASK', 0),
(3, 'Outsourcing', 0),
(4, 'PPNPN', 0),
(5, 'PPPK', 0),
(6, 'Juru Muda I/a', 0),
(7, 'Juru Muda Tingkat I I/b', 0),
(8, 'Juru I/c', 0),
(9, 'Juru Tingkat I I/d', 0),
(10, 'Pengatur Muda II/a', 0),
(11, 'Pengatur Muda Tingkat I II/b', 0),
(12, 'Pengatur II/c', 0),
(13, 'Pengatur Tingkat I II/d', 0),
(14, 'Penata Muda III/a', 0),
(15, 'Penata Muda Tingkat I III/b', 0),
(16, 'Penata III/c', 0),
(17, 'Penata Tingkat I III/d', 0),
(18, 'Pembina IV/a', 0),
(19, 'Pembina Tingkat I IV/b', 0),
(20, 'Pembina Utama Muda IV/c', 0),
(21, 'Pembina Utama Madya IV/d', 0),
(22, 'Pembina Utama IV/e', 0);

-- --------------------------------------------------------

--
-- Struktur dari tabel `pegawai`
--

CREATE TABLE `pegawai` (
  `id_pegawai` int(11) NOT NULL,
  `id_bidang` int(11) DEFAULT NULL,
  `id_pangkat` int(11) NOT NULL,
  `id_jabatan` int(11) NOT NULL,
  `nama_pegawai` varchar(100) NOT NULL,
  `jenis_register` varchar(11) NOT NULL,
  `nip_no_reg` varchar(20) NOT NULL,
  `status_pegawai` varchar(10) NOT NULL
) ENGINE=InnoDB DEFAULT CHARSET=latin1;

--
-- Dumping data untuk tabel `pegawai`
--

INSERT INTO `pegawai` (`id_pegawai`, `id_bidang`, `id_pangkat`, `id_jabatan`, `nama_pegawai`, `jenis_register`, `nip_no_reg`, `status_pegawai`) VALUES
(1, 1, 3, 13, 'Adiguna', 'NIP', '12345', 'Aktif'),
(3, 1, 3, 39, 'Pengusul', 'NIP', '3', 'Aktif'),
(4, 2, 2, 39, 'Pengusul 2', 'NI PPPK', '2', 'Non Aktif'),
(5, 1, 2, 39, 'Penyetuju', 'NI PPPK', '4', 'Aktif');

--
-- Trigger `pegawai`
--
DELIMITER $$
CREATE TRIGGER `2.delete_pegawai` AFTER DELETE ON `pegawai` FOR EACH ROW DELETE FROM `pengguna` WHERE id_pegawai = OLD.id_pegawai
$$
DELIMITER ;
DELIMITER $$
CREATE TRIGGER `2.insert_pegawai` AFTER INSERT ON `pegawai` FOR EACH ROW INSERT INTO `pengguna` (`id_pengguna`, `id_pegawai`, `nama_pengguna`, `username`, `password`, `level`, `foto_pengguna`, `status_pengguna`)  VALUES (NULL, NEW.id_pegawai, NEW.nama_pegawai, NEW.nip_no_reg, md5(NEW.nip_no_reg), '-', 'profil.png', 'Aktif')
$$
DELIMITER ;
DELIMITER $$
CREATE TRIGGER `2.update_pegawai` AFTER UPDATE ON `pegawai` FOR EACH ROW UPDATE pengguna SET nama_pengguna=NEW.nama_pegawai,  username=NEW.nip_no_reg, password=md5(NEW.nip_no_reg) WHERE id_pegawai = NEW.id_pegawai
$$
DELIMITER ;

-- --------------------------------------------------------

--
-- Struktur dari tabel `pengguna`
--

CREATE TABLE `pengguna` (
  `id_pengguna` int(11) NOT NULL,
  `id_pegawai` int(11) DEFAULT NULL,
  `nama_pengguna` varchar(50) NOT NULL,
  `username` varchar(50) NOT NULL,
  `password` text NOT NULL,
  `level` varchar(50) NOT NULL,
  `foto_pengguna` text NOT NULL,
  `status_pengguna` varchar(50) NOT NULL
) ENGINE=InnoDB DEFAULT CHARSET=latin1;

--
-- Dumping data untuk tabel `pengguna`
--

INSERT INTO `pengguna` (`id_pengguna`, `id_pegawai`, `nama_pengguna`, `username`, `password`, `level`, `foto_pengguna`, `status_pengguna`) VALUES
(1, NULL, 'Adiguna', '1', 'c4ca4238a0b923820dcc509a6f75849b', 'Operator', 'lenovo_3.jpg', 'Aktif'),
(3, 3, 'Pengusul', '3', 'eccbc87e4b5ce2fe28308fd9f2a7baf3', 'Pengusul', 'profil.png', 'Aktif'),
(5, 5, 'Penyetuju', '4', 'a87ff679a2f3e71d9181a67b7542122c', 'Penyetuju', 'profil.png', 'Aktif');

-- --------------------------------------------------------

--
-- Struktur dari tabel `rincian_barang_keluar`
--

CREATE TABLE `rincian_barang_keluar` (
  `id_rincian_barang_keluar` int(11) NOT NULL,
  `id_barang_keluar` int(11) NOT NULL,
  `id_barang` int(11) NOT NULL,
  `stok_barang_keluar` varchar(10) DEFAULT NULL,
  `permintaan` varchar(10) DEFAULT NULL,
  `rincian` text
) ENGINE=InnoDB DEFAULT CHARSET=latin1;

--
-- Dumping data untuk tabel `rincian_barang_keluar`
--

INSERT INTO `rincian_barang_keluar` (`id_rincian_barang_keluar`, `id_barang_keluar`, `id_barang`, `stok_barang_keluar`, `permintaan`, `rincian`) VALUES
(3, 2, 915, '0', '100', '-'),
(4, 1, 915, '100', '100', '-'),
(5, 1, 916, '100', '100', '-'),
(8, 3, 915, '', '1001', '-'),
(9, 3, 916, '', '1002', '-'),
(10, 4, 916, '', '100', '-'),
(11, 4, 915, '', '100', '-');

--
-- Trigger `rincian_barang_keluar`
--
DELIMITER $$
CREATE TRIGGER `3.delete_rincian_barang_keluar` AFTER DELETE ON `rincian_barang_keluar` FOR EACH ROW UPDATE barang SET stok_barang = stok_barang + OLD.stok_barang_keluar WHERE id_barang = OLD.id_barang
$$
DELIMITER ;
DELIMITER $$
CREATE TRIGGER `3.insert_rincian_barang_keluar` AFTER INSERT ON `rincian_barang_keluar` FOR EACH ROW UPDATE barang SET stok_barang = stok_barang - NEW.stok_barang_keluar 	WHERE id_barang = NEW.id_barang
$$
DELIMITER ;

-- --------------------------------------------------------

--
-- Struktur dari tabel `rincian_barang_masuk`
--

CREATE TABLE `rincian_barang_masuk` (
  `id_rincian_barang_masuk` int(11) NOT NULL,
  `id_barang_masuk` int(11) NOT NULL,
  `id_barang` int(11) NOT NULL,
  `stok_barang_masuk` varchar(10) NOT NULL,
  `harga_barang_masuk` varchar(50) NOT NULL
) ENGINE=InnoDB DEFAULT CHARSET=latin1;

--
-- Dumping data untuk tabel `rincian_barang_masuk`
--

INSERT INTO `rincian_barang_masuk` (`id_rincian_barang_masuk`, `id_barang_masuk`, `id_barang`, `stok_barang_masuk`, `harga_barang_masuk`) VALUES
(4, 2, 916, '10', '25000'),
(5, 1, 916, '10000', '10000'),
(6, 1, 915, '25000', '10000'),
(7, 1, 912, '250000', '1000');

--
-- Trigger `rincian_barang_masuk`
--
DELIMITER $$
CREATE TRIGGER `1.delete_rincian_barang_masuk` AFTER DELETE ON `rincian_barang_masuk` FOR EACH ROW UPDATE barang SET stok_barang = stok_barang - OLD.stok_barang_masuk 	WHERE id_barang = OLD.id_barang
$$
DELIMITER ;
DELIMITER $$
CREATE TRIGGER `1.insert_rincian_barang_masuk` AFTER INSERT ON `rincian_barang_masuk` FOR EACH ROW UPDATE barang SET stok_barang = stok_barang + NEW.stok_barang_masuk, harga_barang = NEW.harga_barang_masuk WHERE id_barang = NEW.id_barang
$$
DELIMITER ;

-- --------------------------------------------------------

--
-- Struktur dari tabel `satuan`
--

CREATE TABLE `satuan` (
  `id_satuan` int(11) NOT NULL,
  `nama_satuan` varchar(50) NOT NULL,
  `hide_satuan` int(11) NOT NULL DEFAULT '0'
) ENGINE=InnoDB DEFAULT CHARSET=latin1;

--
-- Dumping data untuk tabel `satuan`
--

INSERT INTO `satuan` (`id_satuan`, `nama_satuan`, `hide_satuan`) VALUES
(1, 'Pak', 0),
(2, 'Buah', 0),
(3, 'Lsn', 0),
(4, 'Ktk', 0),
(5, 'Pcs', 0),
(6, 'Lusin', 0),
(7, 'Dus', 0),
(8, 'Kotak', 0),
(9, 'Doz', 0),
(10, 'Pack', 0),
(11, 'Box', 0),
(12, 'Lembar', 0),
(13, 'Set', 0),
(14, 'Rim', 0),
(15, 'Roll', 0),
(16, 'Bh', 0),
(17, 'Btl', 0),
(18, 'Botol', 0),
(19, 'Adata', 0),
(20, 'Lbr', 0);

--
-- Indexes for dumped tables
--

--
-- Indexes for table `barang`
--
ALTER TABLE `barang`
  ADD PRIMARY KEY (`id_barang`);

--
-- Indexes for table `barang_keluar`
--
ALTER TABLE `barang_keluar`
  ADD PRIMARY KEY (`id_barang_keluar`);

--
-- Indexes for table `barang_masuk`
--
ALTER TABLE `barang_masuk`
  ADD PRIMARY KEY (`id_barang_masuk`);

--
-- Indexes for table `bidang`
--
ALTER TABLE `bidang`
  ADD PRIMARY KEY (`id_bidang`);

--
-- Indexes for table `jabatan`
--
ALTER TABLE `jabatan`
  ADD PRIMARY KEY (`id_jabatan`);

--
-- Indexes for table `pangkat`
--
ALTER TABLE `pangkat`
  ADD PRIMARY KEY (`id_pangkat`);

--
-- Indexes for table `pegawai`
--
ALTER TABLE `pegawai`
  ADD PRIMARY KEY (`id_pegawai`);

--
-- Indexes for table `pengguna`
--
ALTER TABLE `pengguna`
  ADD PRIMARY KEY (`id_pengguna`);

--
-- Indexes for table `rincian_barang_keluar`
--
ALTER TABLE `rincian_barang_keluar`
  ADD PRIMARY KEY (`id_rincian_barang_keluar`);

--
-- Indexes for table `rincian_barang_masuk`
--
ALTER TABLE `rincian_barang_masuk`
  ADD PRIMARY KEY (`id_rincian_barang_masuk`);

--
-- Indexes for table `satuan`
--
ALTER TABLE `satuan`
  ADD PRIMARY KEY (`id_satuan`);

--
-- AUTO_INCREMENT for dumped tables
--

--
-- AUTO_INCREMENT for table `barang`
--
ALTER TABLE `barang`
  MODIFY `id_barang` int(11) NOT NULL AUTO_INCREMENT, AUTO_INCREMENT=917;
--
-- AUTO_INCREMENT for table `barang_keluar`
--
ALTER TABLE `barang_keluar`
  MODIFY `id_barang_keluar` int(11) NOT NULL AUTO_INCREMENT, AUTO_INCREMENT=5;
--
-- AUTO_INCREMENT for table `barang_masuk`
--
ALTER TABLE `barang_masuk`
  MODIFY `id_barang_masuk` int(11) NOT NULL AUTO_INCREMENT, AUTO_INCREMENT=3;
--
-- AUTO_INCREMENT for table `bidang`
--
ALTER TABLE `bidang`
  MODIFY `id_bidang` int(11) NOT NULL AUTO_INCREMENT, AUTO_INCREMENT=6;
--
-- AUTO_INCREMENT for table `jabatan`
--
ALTER TABLE `jabatan`
  MODIFY `id_jabatan` int(11) NOT NULL AUTO_INCREMENT, AUTO_INCREMENT=40;
--
-- AUTO_INCREMENT for table `pangkat`
--
ALTER TABLE `pangkat`
  MODIFY `id_pangkat` int(11) NOT NULL AUTO_INCREMENT, AUTO_INCREMENT=23;
--
-- AUTO_INCREMENT for table `pegawai`
--
ALTER TABLE `pegawai`
  MODIFY `id_pegawai` int(11) NOT NULL AUTO_INCREMENT, AUTO_INCREMENT=6;
--
-- AUTO_INCREMENT for table `pengguna`
--
ALTER TABLE `pengguna`
  MODIFY `id_pengguna` int(11) NOT NULL AUTO_INCREMENT, AUTO_INCREMENT=6;
--
-- AUTO_INCREMENT for table `rincian_barang_keluar`
--
ALTER TABLE `rincian_barang_keluar`
  MODIFY `id_rincian_barang_keluar` int(11) NOT NULL AUTO_INCREMENT, AUTO_INCREMENT=12;
--
-- AUTO_INCREMENT for table `rincian_barang_masuk`
--
ALTER TABLE `rincian_barang_masuk`
  MODIFY `id_rincian_barang_masuk` int(11) NOT NULL AUTO_INCREMENT, AUTO_INCREMENT=8;
--
-- AUTO_INCREMENT for table `satuan`
--
ALTER TABLE `satuan`
  MODIFY `id_satuan` int(11) NOT NULL AUTO_INCREMENT, AUTO_INCREMENT=21;
/*!40101 SET CHARACTER_SET_CLIENT=@OLD_CHARACTER_SET_CLIENT */;
/*!40101 SET CHARACTER_SET_RESULTS=@OLD_CHARACTER_SET_RESULTS */;
/*!40101 SET COLLATION_CONNECTION=@OLD_COLLATION_CONNECTION */;
